"codmpio","ano","monetary_poverty_rate","extreme_monetary_poverty_rate","gini_coefficient"
NA,NA,NA,NA,NA
1001,2002,49.7,17.7,0.57
5001,2002,36.5,8,0.55
5000,2002,47.9,17.8,0.59
8000,2002,50.1,12.4,0.53
8001,2002,43.9,8.7,0.53
11001,2002,31.7,7.1,0.57
13000,2002,64.9,29.8,0.53
13001,2002,47.5,9.4,0.48
15001,2002,NA,NA,NA
15000,2002,67.1,39.2,0.6
17001,2002,36.6,7.2,0.49
17000,2002,46.1,12.9,0.51
18001,2002,NA,NA,NA
18000,2002,53,21.7,0.53
19000,2002,57.8,24.2,0.52
19001,2002,NA,NA,NA
20000,2002,61.9,19.2,0.46
20001,2002,NA,NA,NA
23001,2002,47.9,9.2,0.52
23000,2002,65.6,31.6,0.55
25000,2002,51.4,18.7,0.48
27001,2002,NA,NA,NA
27000,2002,67.6,32.4,0.57
41000,2002,69.6,35.2,0.54
41001,2002,NA,NA,NA
44001,2002,NA,NA,NA
44000,2002,67.2,31.1,0.48
47000,2002,65.5,24,0.5
47001,2002,NA,NA,NA
50000,2002,39.8,13.2,0.5
50001,2002,34.4,7.6,0.47
52000,2002,65.7,33.1,0.57
52001,2002,44.2,10.6,0.51
54001,2002,52.9,11.2,0.48
54000,2002,56.6,16.6,0.49
63000,2002,47.1,13.1,0.5
63001,2002,NA,NA,NA
66001,2002,32.7,4.2,0.48
66000,2002,37.6,7.3,0.51
68001,2002,33.7,6.1,0.48
68000,2002,45,16.6,0.53
70000,2002,69.2,28.8,0.5
70001,2002,NA,NA,NA
73000,2002,54.3,19.9,0.52
73001,2002,37.7,8.4,0.48
76001,2002,33.5,6.2,0.53
76000,2002,38.9,8.9,0.52
81001,2002,NA,NA,NA
81000,2002,NA,NA,NA
85000,2002,NA,NA,NA
85001,2002,NA,NA,NA
86000,2002,NA,NA,NA
86001,2002,NA,NA,NA
88000,2002,NA,NA,NA
91001,2002,NA,NA,NA
91000,2002,NA,NA,NA
94001,2002,NA,NA,NA
94000,2002,NA,NA,NA
95000,2002,NA,NA,NA
95001,2002,NA,NA,NA
97000,2002,NA,NA,NA
97001,2002,NA,NA,NA
99001,2002,NA,NA,NA
99000,2002,NA,NA,NA
99000,2003,NA,NA,NA
99001,2003,NA,NA,NA
97001,2003,NA,NA,NA
97000,2003,NA,NA,NA
95001,2003,NA,NA,NA
95000,2003,NA,NA,NA
94000,2003,NA,NA,NA
94001,2003,NA,NA,NA
91000,2003,NA,NA,NA
91001,2003,NA,NA,NA
88000,2003,NA,NA,NA
86001,2003,NA,NA,NA
86000,2003,NA,NA,NA
85001,2003,NA,NA,NA
85000,2003,NA,NA,NA
81000,2003,NA,NA,NA
81001,2003,NA,NA,NA
76000,2003,41,9.8,0.52
76001,2003,33.7,5.4,0.51
73001,2003,39.8,9.5,0.49
73000,2003,51.9,20.3,0.52
70001,2003,NA,NA,NA
70000,2003,58.2,18.8,0.49
68000,2003,44.4,14.8,0.53
68001,2003,34.1,5.2,0.48
66000,2003,34.6,5.7,0.5
66001,2003,30,3.1,0.48
63001,2003,NA,NA,NA
63000,2003,38.8,10.8,0.5
54000,2003,58.9,18.3,0.51
54001,2003,57.2,13.3,0.5
52001,2003,46.5,11.1,0.51
52000,2003,70,33.3,0.53
50001,2003,36,6.9,0.46
50000,2003,41.1,13.6,0.5
47001,2003,NA,NA,NA
47000,2003,59.5,14.2,0.45
44000,2003,58.3,20.3,0.5
44001,2003,NA,NA,NA
41001,2003,NA,NA,NA
41000,2003,66.8,33.2,0.53
27000,2003,69.2,36.2,0.56
27001,2003,NA,NA,NA
25000,2003,50.7,17.7,0.46
23000,2003,64,32.4,0.55
23001,2003,50.2,11,0.52
20001,2003,NA,NA,NA
20000,2003,60.1,15,0.44
19001,2003,NA,NA,NA
19000,2003,62,27.8,0.47
18000,2003,53.6,24.8,0.51
18001,2003,NA,NA,NA
17000,2003,47.3,13.6,0.52
17001,2003,39.2,8.3,0.51
15000,2003,64.6,36.4,0.6
15001,2003,NA,NA,NA
13001,2003,43.5,7.4,0.47
13000,2003,53.9,13.3,0.48
11001,2003,32,7,0.55
8001,2003,49.5,11,0.54
8000,2003,52.4,11.6,0.53
5000,2003,46.2,15.5,0.59
5001,2003,34.7,6.7,0.56
1001,2003,48,15.7,0.55
1001,2004,47.4,14.8,0.56
5001,2004,31.7,5.6,0.54
5000,2004,44.4,14.7,0.57
8000,2004,49.9,9.5,0.52
8001,2004,46.2,8.7,0.53
11001,2004,28.8,6,0.56
13000,2004,54.8,14.2,0.48
13001,2004,44.9,6.9,0.47
15001,2004,NA,NA,NA
15000,2004,63.6,33,0.56
17001,2004,40.3,8.9,0.51
17000,2004,47.9,13.5,0.52
18001,2004,NA,NA,NA
18000,2004,55.7,20.1,0.49
19000,2004,60,26.5,0.53
19001,2004,NA,NA,NA
20000,2004,59.2,17.6,0.48
20001,2004,NA,NA,NA
23001,2004,50.2,9.7,0.49
23000,2004,67.6,31.9,0.53
25000,2004,50.2,16.5,0.48
27001,2004,NA,NA,NA
27000,2004,72.7,41.6,0.56
41000,2004,64.6,27.2,0.51
41001,2004,NA,NA,NA
44001,2004,NA,NA,NA
44000,2004,57.7,18.3,0.49
47000,2004,54.8,13.7,0.46
47001,2004,NA,NA,NA
50000,2004,36.7,8.8,0.47
50001,2004,32.4,5.3,0.46
52000,2004,65.2,29,0.51
52001,2004,46,10.3,0.5
54001,2004,55.4,13.3,0.51
54000,2004,61,21.1,0.52
63000,2004,46.8,14.1,0.54
63001,2004,NA,NA,NA
66001,2004,29.8,3.3,0.48
66000,2004,36,7.3,0.5
68001,2004,32.3,4.7,0.45
68000,2004,42.3,12.6,0.5
70000,2004,64,21.1,0.49
70001,2004,NA,NA,NA
73000,2004,55.8,20.7,0.52
73001,2004,42.7,10.3,0.5
76001,2004,31.8,5.3,0.51
76000,2004,38,8.2,0.52
81001,2004,NA,NA,NA
81000,2004,NA,NA,NA
85000,2004,NA,NA,NA
85001,2004,NA,NA,NA
86000,2004,NA,NA,NA
86001,2004,NA,NA,NA
88000,2004,NA,NA,NA
91001,2004,NA,NA,NA
91000,2004,NA,NA,NA
94001,2004,NA,NA,NA
94000,2004,NA,NA,NA
95000,2004,NA,NA,NA
95001,2004,NA,NA,NA
97000,2004,NA,NA,NA
97001,2004,NA,NA,NA
99001,2004,NA,NA,NA
99000,2004,NA,NA,NA
99000,2005,NA,NA,NA
99001,2005,NA,NA,NA
97001,2005,NA,NA,NA
97000,2005,NA,NA,NA
95001,2005,NA,NA,NA
95000,2005,NA,NA,NA
94000,2005,NA,NA,NA
94001,2005,NA,NA,NA
91000,2005,NA,NA,NA
91001,2005,NA,NA,NA
88000,2005,NA,NA,NA
86001,2005,NA,NA,NA
86000,2005,NA,NA,NA
85001,2005,NA,NA,NA
85000,2005,NA,NA,NA
81000,2005,NA,NA,NA
81001,2005,NA,NA,NA
76000,2005,36.6,8.4,0.54
76001,2005,30.1,5,0.54
73001,2005,39.4,8.5,0.49
73000,2005,50.7,15.9,0.49
70001,2005,NA,NA,NA
70000,2005,63.8,23,0.48
68000,2005,41.4,11.9,0.53
68001,2005,31,4.8,0.48
66000,2005,35.5,8.4,0.5
66001,2005,28.7,3.7,0.47
63001,2005,NA,NA,NA
63000,2005,45.6,10.4,0.52
54000,2005,59.4,19.4,0.49
54001,2005,55.2,11.2,0.46
52001,2005,45.6,11.6,0.51
52000,2005,58.7,23.8,0.51
50001,2005,34.8,6.2,0.47
50000,2005,38.3,11,0.49
47001,2005,NA,NA,NA
47000,2005,57.5,14.7,0.47
44000,2005,57.8,22.2,0.47
44001,2005,NA,NA,NA
41001,2005,NA,NA,NA
41000,2005,56.1,21,0.51
27000,2005,74.7,44.2,0.58
27001,2005,NA,NA,NA
25000,2005,44.6,15.1,0.49
23000,2005,63.7,28.1,0.54
23001,2005,46.7,9.2,0.51
20001,2005,NA,NA,NA
20000,2005,56.2,14.9,0.45
19001,2005,NA,NA,NA
19000,2005,56.1,27.4,0.5
18000,2005,53.7,20.7,0.53
18001,2005,NA,NA,NA
17000,2005,43.8,12.1,0.51
17001,2005,36.4,7.5,0.49
15000,2005,58.3,27.4,0.56
15001,2005,NA,NA,NA
13001,2005,37.6,4.6,0.45
13000,2005,51.9,12.3,0.48
11001,2005,26.6,4.7,0.56
8001,2005,44.1,7.8,0.51
8000,2005,48.8,9.7,0.51
5000,2005,41.8,13.9,0.56
5001,2005,29.3,5,0.52
1001,2005,45,13.8,0.56
1001,2008,42,16.4,0.57
5001,2008,25,6.2,0.54
5000,2008,38.3,15.4,0.58
8000,2008,48,12.5,0.5
8001,2008,43.3,10,0.5
11001,2008,19.6,3.4,0.53
13000,2008,58.3,25.6,0.54
13001,2008,40.2,6.9,0.47
15001,2008,NA,NA,NA
15000,2008,58,31.4,0.58
17001,2008,31.2,6.8,0.5
17000,2008,42.8,13.7,0.55
18001,2008,NA,NA,NA
18000,2008,47.7,17.1,0.49
19000,2008,66.4,42.5,0.6
19001,2008,NA,NA,NA
20000,2008,63.2,30.2,0.55
20001,2008,NA,NA,NA
23001,2008,40.6,6.6,0.49
23000,2008,62,23.9,0.52
25000,2008,30.8,10,0.46
27001,2008,NA,NA,NA
27000,2008,73.1,45.9,0.62
41000,2008,58.5,30.2,0.58
41001,2008,NA,NA,NA
44001,2008,NA,NA,NA
44000,2008,69.9,43.9,0.59
47000,2008,64.5,31.6,0.56
47001,2008,NA,NA,NA
50000,2008,32.2,10.7,0.5
50001,2008,26.8,5.2,0.48
52000,2008,56.1,20.7,0.52
52001,2008,39.7,10.2,0.53
54001,2008,42.2,7.9,0.46
54000,2008,50.7,17.4,0.5
63000,2008,43.3,15.1,0.56
63001,2008,NA,NA,NA
66001,2008,27.6,4.8,0.48
66000,2008,35.1,10.4,0.51
68001,2008,19.2,2.6,0.43
68000,2008,30.6,9.3,0.49
70000,2008,66.6,33.1,0.54
70001,2008,NA,NA,NA
73000,2008,46.4,17.4,0.52
73001,2008,32.6,7.3,0.47
76001,2008,28.5,7.4,0.52
76000,2008,33.4,10.4,0.52
81001,2008,NA,NA,NA
81000,2008,NA,NA,NA
85000,2008,NA,NA,NA
85001,2008,NA,NA,NA
86000,2008,NA,NA,NA
86001,2008,NA,NA,NA
88000,2008,NA,NA,NA
91001,2008,NA,NA,NA
91000,2008,NA,NA,NA
94001,2008,NA,NA,NA
94000,2008,NA,NA,NA
95000,2008,NA,NA,NA
95001,2008,NA,NA,NA
97000,2008,NA,NA,NA
97001,2008,NA,NA,NA
99001,2008,NA,NA,NA
99000,2008,NA,NA,NA
99000,2009,NA,NA,NA
99001,2009,NA,NA,NA
97001,2009,NA,NA,NA
97000,2009,NA,NA,NA
95001,2009,NA,NA,NA
95000,2009,NA,NA,NA
94000,2009,NA,NA,NA
94001,2009,NA,NA,NA
91000,2009,NA,NA,NA
91001,2009,NA,NA,NA
88000,2009,NA,NA,NA
86001,2009,NA,NA,NA
86000,2009,NA,NA,NA
85001,2009,NA,NA,NA
85000,2009,NA,NA,NA
81000,2009,NA,NA,NA
81001,2009,NA,NA,NA
76000,2009,33.3,9.7,0.52
76001,2009,28.4,7.4,0.5
73001,2009,28.7,5.1,0.49
73000,2009,48.4,17.9,0.54
70001,2009,NA,NA,NA
70000,2009,66.2,29,0.52
68000,2009,27.2,8,0.51
68001,2009,13.9,1.7,0.45
66000,2009,32.3,7.6,0.48
66001,2009,28.5,4.7,0.47
63001,2009,NA,NA,NA
63000,2009,49.9,17.2,0.55
54000,2009,47.5,14,0.52
54001,2009,38.2,6.9,0.5
52001,2009,42.8,10.8,0.52
52000,2009,55.1,21.2,0.51
50001,2009,27.7,5.4,0.47
50000,2009,36,10.8,0.49
47001,2009,NA,NA,NA
47000,2009,58.3,24.1,0.53
44000,2009,66.7,35.4,0.57
44001,2009,NA,NA,NA
41001,2009,NA,NA,NA
41000,2009,57.5,29.2,0.58
27000,2009,68.3,40.5,0.57
27001,2009,NA,NA,NA
25000,2009,26.2,8.2,0.46
23000,2009,61.8,25,0.56
23001,2009,38.6,5.9,0.53
20001,2009,NA,NA,NA
20000,2009,58.6,23.7,0.55
19001,2009,NA,NA,NA
19000,2009,66.1,39,0.59
18000,2009,51.6,16.3,0.49
18001,2009,NA,NA,NA
17000,2009,41.7,12.2,0.54
17001,2009,27.2,6.7,0.51
15000,2009,48,20,0.54
15001,2009,NA,NA,NA
13001,2009,38.5,6.9,0.49
13000,2009,57.1,22.3,0.53
11001,2009,18.3,3.2,0.53
8001,2009,42.4,8.3,0.49
8000,2009,47.9,12.2,0.5
5000,2009,35.1,12.8,0.56
5001,2009,23.9,6.2,0.54
1001,2009,40.3,14.4,0.56
1001,2010,37.2,12.3,0.56
5001,2010,22,5.6,0.54
5000,2010,31.3,10.5,0.56
8000,2010,43.9,9.4,0.5
8001,2010,39.5,7.4,0.5
11001,2010,15.5,2.6,0.53
13000,2010,49.4,14.9,0.51
13001,2010,34.2,6.2,0.49
15001,2010,22.1,3.4,0.47
15000,2010,47.1,19.2,0.54
17001,2010,23.8,4.7,0.5
17000,2010,39.6,11.2,0.54
18001,2010,43.6,8,0.48
18000,2010,44.3,9.9,0.45
19000,2010,64.7,35.9,0.57
19001,2010,39.2,8.7,0.51
20000,2010,53.6,18.6,0.52
20001,2010,42.7,9.3,0.51
23001,2010,39.7,6.7,0.53
23000,2010,63.6,25.6,0.55
25000,2010,25.4,8,0.46
27001,2010,53,15,0.53
27000,2010,64.9,33.5,0.57
41000,2010,53.3,25.9,0.57
41001,2010,27,5.6,0.49
44001,2010,46.9,14.2,0.52
44000,2010,64.6,37.6,0.61
47000,2010,58,23.5,0.54
47001,2010,40.2,8.5,0.49
50000,2010,32.4,9.7,0.5
50001,2010,25.4,4.8,0.47
52000,2010,56.4,18.6,0.5
52001,2010,43.2,11.7,0.52
54001,2010,39.3,8.4,0.48
54000,2010,43.1,11,0.49
63000,2010,43.4,12.5,0.54
63001,2010,NA,NA,NA
66001,2010,26.8,3.8,0.46
66000,2010,33.3,7.7,0.48
68001,2010,10.9,1.2,0.45
68000,2010,21.6,4.8,0.51
70000,2010,63.7,28.6,0.54
70001,2010,44.2,6.4,0.47
73000,2010,45.1,17.4,0.55
73001,2010,26.6,4.3,0.5
76001,2010,26.1,6.4,0.53
76000,2010,30.7,8.5,0.52
81001,2010,NA,NA,NA
81000,2010,NA,NA,NA
85000,2010,NA,NA,NA
85001,2010,NA,NA,NA
86000,2010,NA,NA,NA
86001,2010,NA,NA,NA
88000,2010,NA,NA,NA
91001,2010,NA,NA,NA
91000,2010,NA,NA,NA
94001,2010,NA,NA,NA
94000,2010,NA,NA,NA
95000,2010,NA,NA,NA
95001,2010,NA,NA,NA
97000,2010,NA,NA,NA
97001,2010,NA,NA,NA
99001,2010,NA,NA,NA
99000,2010,NA,NA,NA
99000,2011,NA,NA,NA
99001,2011,NA,NA,NA
97001,2011,NA,NA,NA
97000,2011,NA,NA,NA
95001,2011,NA,NA,NA
95000,2011,NA,NA,NA
94000,2011,NA,NA,NA
94001,2011,NA,NA,NA
91000,2011,NA,NA,NA
91001,2011,NA,NA,NA
88000,2011,NA,NA,NA
86001,2011,NA,NA,NA
86000,2011,NA,NA,NA
85001,2011,NA,NA,NA
85000,2011,NA,NA,NA
81000,2011,NA,NA,NA
81001,2011,NA,NA,NA
76000,2011,30,8.4,0.51
76001,2011,25.1,5.2,0.5
73001,2011,22,2.7,0.45
73000,2011,43.1,15.2,0.53
70001,2011,36.9,3.5,0.47
70000,2011,53,16.2,0.51
68000,2011,21.8,5.8,0.5
68001,2011,10.7,1.1,0.45
66000,2011,27,5.3,0.48
66001,2011,21.6,2.2,0.45
63001,2011,NA,NA,NA
63000,2011,40.2,11.7,0.53
54000,2011,40.6,9.9,0.5
54001,2011,33.9,5.7,0.47
52001,2011,40.6,8.8,0.52
52000,2011,50.6,16.3,0.5
50001,2011,23,4,0.47
50000,2011,30,8.4,0.49
47001,2011,38.3,7.9,0.48
47000,2011,57.5,23.5,0.53
44000,2011,57.4,28.1,0.57
44001,2011,42.7,9.3,0.5
41001,2011,24.9,3.9,0.49
41000,2011,48.2,17.3,0.56
27000,2011,64,34.3,0.57
27001,2011,46.7,12.7,0.51
25000,2011,21.3,6.9,0.46
23000,2011,61.5,27,0.56
23001,2011,37.5,6.5,0.53
20001,2011,36,5.6,0.48
20000,2011,47.2,17.2,0.51
19001,2011,36.9,7.9,0.49
19000,2011,62,34.3,0.55
18000,2011,40.8,9.6,0.46
18001,2011,41.5,7.6,0.48
17000,2011,36.6,9.9,0.53
17001,2011,19.2,2.3,0.47
15000,2011,39.9,13.4,0.54
15001,2011,18.3,1.9,0.46
13001,2011,33.4,4.7,0.49
13000,2011,43.7,12,0.5
11001,2011,13.1,2,0.52
8001,2011,34.7,5.3,0.47
8000,2011,37.8,5.3,0.47
5000,2011,29.3,8.7,0.54
5001,2011,19.2,4,0.51
1001,2011,34.1,10.6,0.55
1001,2012,32.7,10.4,0.54
5001,2012,17.7,3.5,0.5
5000,2012,26.8,8.1,0.53
8000,2012,33.9,4.7,0.46
8001,2012,30.4,3.8,0.46
11001,2012,11.6,2,0.5
13000,2012,44.2,13.2,0.51
13001,2012,32.7,5.9,0.48
15001,2012,18.4,2.3,0.47
15000,2012,35.6,11,0.53
17001,2012,17.6,2.4,0.46
17000,2012,35.4,10.4,0.52
18001,2012,38.5,8.4,0.51
18000,2012,42.1,10.2,0.48
19000,2012,62.1,34,0.57
19001,2012,36.1,9.2,0.5
20000,2012,46.8,16,0.52
20001,2012,32.8,6.2,0.48
23001,2012,36.9,6.3,0.5
23000,2012,60.2,27.3,0.54
25000,2012,23.3,6.3,0.46
27001,2012,51.2,14.9,0.55
27000,2012,68,40.7,0.62
41000,2012,45.4,16.6,0.56
41001,2012,22.8,4.3,0.5
44001,2012,45.5,14.4,0.53
44000,2012,58.4,27.7,0.56
47000,2012,52.3,17.4,0.51
47001,2012,36.3,7.6,0.49
50000,2012,29.5,9.2,0.51
50001,2012,21.6,3.9,0.47
52000,2012,50.8,17.2,0.5
52001,2012,36.8,8,0.5
54001,2012,32.4,5.1,0.45
54000,2012,40.4,10.7,0.49
63000,2012,38.9,12.1,0.53
63001,2012,NA,NA,NA
66001,2012,21.9,3,0.46
66000,2012,28.4,6.4,0.49
68001,2012,10.4,1.2,0.43
68000,2012,20.8,4.6,0.49
70000,2012,51.5,12.7,0.48
70001,2012,36.9,5.6,0.47
73000,2012,42.3,15.3,0.52
73001,2012,21.3,2.8,0.45
76001,2012,23.1,5.3,0.52
76000,2012,26.9,7.4,0.52
81001,2012,NA,NA,NA
81000,2012,NA,NA,NA
85000,2012,NA,NA,NA
85001,2012,NA,NA,NA
86000,2012,NA,NA,NA
86001,2012,NA,NA,NA
88000,2012,NA,NA,NA
91001,2012,NA,NA,NA
91000,2012,NA,NA,NA
94001,2012,NA,NA,NA
94000,2012,NA,NA,NA
95000,2012,NA,NA,NA
95001,2012,NA,NA,NA
97000,2012,NA,NA,NA
97001,2012,NA,NA,NA
99001,2012,NA,NA,NA
99000,2012,NA,NA,NA
99000,2013,NA,NA,NA
99001,2013,NA,NA,NA
97001,2013,NA,NA,NA
97000,2013,NA,NA,NA
95001,2013,NA,NA,NA
95000,2013,NA,NA,NA
94000,2013,NA,NA,NA
94001,2013,NA,NA,NA
91000,2013,NA,NA,NA
91001,2013,NA,NA,NA
88000,2013,NA,NA,NA
86001,2013,NA,NA,NA
86000,2013,NA,NA,NA
85001,2013,NA,NA,NA
85000,2013,NA,NA,NA
81000,2013,NA,NA,NA
81001,2013,NA,NA,NA
76000,2013,27.2,7.1,0.5
76001,2013,21.9,4.4,0.51
73001,2013,18.6,2.5,0.45
73000,2013,34.8,11.3,0.51
70001,2013,37.2,6.1,0.48
70000,2013,47.3,10.1,0.47
68000,2013,19.5,4.2,0.49
68001,2013,10.3,1.2,0.44
66000,2013,28.8,8.1,0.5
66001,2013,24,5.1,0.48
63001,2013,NA,NA,NA
63000,2013,35.6,9.2,0.5
54000,2013,39.4,10.7,0.48
54001,2013,31.3,6,0.44
52001,2013,30.5,4.5,0.51
52000,2013,47.6,15,0.52
50001,2013,19.5,3.1,0.44
50000,2013,27.1,7.6,0.47
47001,2013,33.8,6.5,0.46
47000,2013,50.5,15.6,0.5
44000,2013,55.8,25.7,0.56
44001,2013,43.3,12.7,0.52
41001,2013,22.9,4.6,0.48
41000,2013,47.3,17.9,0.55
27000,2013,63.1,35.6,0.6
27001,2013,49.9,17.5,0.54
25000,2013,18.9,5,0.47
23000,2013,51.8,18.6,0.53
23001,2013,34.8,6.5,0.53
20001,2013,31.4,4.4,0.46
20000,2013,44.8,12.5,0.49
19001,2013,34.2,8.1,0.51
19000,2013,58.4,28.4,0.55
18000,2013,42.4,9.5,0.47
18001,2013,37.2,7.7,0.5
17000,2013,32.2,8.8,0.52
17001,2013,16.2,2.6,0.47
15000,2013,39.3,13.7,0.53
15001,2013,19.5,2.8,0.48
13001,2013,29.2,5.8,0.48
13000,2013,41.8,12.6,0.5
11001,2013,10.2,1.6,0.5
8001,2013,29.1,4.2,0.46
8000,2013,32.4,4.3,0.45
5000,2013,24.2,6.9,0.53
5001,2013,16.1,3,0.51
1001,2013,30.6,9.1,0.54
1001,2014,28.5,8.1,0.54
5001,2014,14.7,2.8,0.53
5000,2014,24.3,7.7,0.56
8000,2014,28.6,3.9,0.45
8001,2014,25.5,3.6,0.45
11001,2014,10.1,1.9,0.5
13000,2014,39.9,10.1,0.51
13001,2014,26.6,4.3,0.48
15001,2014,19.2,4,0.47
15000,2014,38.2,13.3,0.53
17001,2014,15.7,2.2,0.47
17000,2014,29.2,7.2,0.52
18001,2014,34.1,7.3,0.49
18000,2014,39,9.7,0.47
19000,2014,54.2,25.5,0.54
19001,2014,32.5,8.1,0.49
20000,2014,40.9,12,0.47
20001,2014,27,3.6,0.42
23001,2014,20.9,1.4,0.46
23000,2014,46.3,12.3,0.5
25000,2014,16.9,3.8,0.46
27001,2014,46.2,14.5,0.5
27000,2014,65.9,39.1,0.6
41000,2014,43.9,14.2,0.55
41001,2014,19.9,3.7,0.48
44001,2014,42.4,12.4,0.52
44000,2014,53,24.8,0.55
47000,2014,48.1,13.6,0.49
47001,2014,34.1,7.2,0.47
50000,2014,23.3,6.6,0.47
50001,2014,17.1,2.8,0.45
52000,2014,42.9,11.3,0.5
52001,2014,26.9,4.1,0.5
54001,2014,33.1,5.7,0.45
54000,2014,39.9,10.5,0.49
63000,2014,31.7,6.9,0.5
63001,2014,NA,NA,NA
66001,2014,18.1,2.5,0.47
66000,2014,23.7,5.4,0.5
68001,2014,8.4,1.1,0.43
68000,2014,19.6,5.1,0.5
70000,2014,43.9,9.1,0.48
70001,2014,32.7,5.5,0.48
73000,2014,32.5,9.3,0.51
73001,2014,16.4,2.3,0.44
76001,2014,19.1,3.3,0.49
76000,2014,22.7,5.2,0.49
81001,2014,NA,NA,NA
81000,2014,NA,NA,NA
85000,2014,NA,NA,NA
85001,2014,NA,NA,NA
86000,2014,NA,NA,NA
86001,2014,NA,NA,NA
88000,2014,NA,NA,NA
91001,2014,NA,NA,NA
91000,2014,NA,NA,NA
94001,2014,NA,NA,NA
94000,2014,NA,NA,NA
95000,2014,NA,NA,NA
95001,2014,NA,NA,NA
97000,2014,NA,NA,NA
97001,2014,NA,NA,NA
99001,2014,NA,NA,NA
99000,2014,NA,NA,NA
99000,2015,NA,NA,NA
99001,2015,NA,NA,NA
97001,2015,NA,NA,NA
97000,2015,NA,NA,NA
95001,2015,NA,NA,NA
95000,2015,NA,NA,NA
94000,2015,NA,NA,NA
94001,2015,NA,NA,NA
91000,2015,NA,NA,NA
91001,2015,NA,NA,NA
88000,2015,NA,NA,NA
86001,2015,NA,NA,NA
86000,2015,NA,NA,NA
85001,2015,NA,NA,NA
85000,2015,NA,NA,NA
81000,2015,NA,NA,NA
81001,2015,NA,NA,NA
76000,2015,21.5,5.2,0.48
76001,2015,16.5,3.4,0.48
73001,2015,17.5,2.6,0.44
73000,2015,32.9,9,0.51
70001,2015,30.7,5.1,0.45
70000,2015,44.7,9.4,0.47
68000,2015,17.9,4.9,0.47
68001,2015,9.1,1.3,0.41
66000,2015,22.3,3.9,0.46
66001,2015,17.7,2.1,0.44
63001,2015,NA,NA,NA
63000,2015,31.7,9.3,0.49
54000,2015,40,11.6,0.47
54001,2015,32.9,6.9,0.44
52001,2015,25.3,4.2,0.49
52000,2015,40,10.6,0.5
50001,2015,16.6,3.1,0.45
50000,2015,21.8,5.8,0.47
47001,2015,30.7,6.5,0.46
47000,2015,44.8,12.5,0.48
44000,2015,53.3,24.3,0.55
44001,2015,41,12.7,0.52
41001,2015,21.5,4.5,0.45
41000,2015,44.3,18.9,0.54
27000,2015,62.8,37.1,0.6
27001,2015,50.2,17.8,0.53
25000,2015,17,3.9,0.44
23000,2015,46.6,12.9,0.47
23001,2015,25.2,2.1,0.45
20001,2015,30,4.6,0.45
20000,2015,42.3,11,0.48
19001,2015,30.7,7.8,0.5
19000,2015,51.6,24,0.52
18000,2015,41.3,9.1,0.48
18001,2015,32.6,6.8,0.49
17000,2015,27.9,6.6,0.51
17001,2015,13.9,1.7,0.46
15000,2015,35.4,12.6,0.54
15001,2015,18.8,3.9,0.47
13001,2015,26.2,4,0.47
13000,2015,39.3,8.3,0.49
11001,2015,10.4,2,0.5
8001,2015,22,2.4,0.44
8000,2015,25.7,2.7,0.44
5000,2015,23.7,7.3,0.52
5001,2015,14.3,3.3,0.49
1001,2015,27.8,7.9,0.52
1001,2016,28,8.5,0.52
5001,2016,14.1,2.9,0.48
5000,2016,21.9,6.6,0.51
8000,2016,25,3.1,0.43
8001,2016,21.7,2.8,0.43
11001,2016,11.6,2.3,0.5
13000,2016,41,11,0.48
13001,2016,29.1,5.5,0.46
15001,2016,17.8,3.6,0.49
15000,2016,32,10.6,0.53
17001,2016,14.6,2.5,0.48
17000,2016,27.6,7.2,0.51
18001,2016,34,7.5,0.5
18000,2016,35.8,8.7,0.47
19000,2016,50.7,22.3,0.51
19001,2016,31.4,8.5,0.48
20000,2016,41.9,12.1,0.47
20001,2016,35.5,8.7,0.46
23001,2016,31,4.3,0.46
23000,2016,44.8,10.8,0.46
25000,2016,17.3,5.3,0.44
27001,2016,49.2,19.5,0.54
27000,2016,59.8,34.7,0.57
41000,2016,45.9,20,0.53
41001,2016,23.3,5.6,0.46
44001,2016,45.5,15.3,0.52
44000,2016,52.5,25.3,0.54
47000,2016,50,18.2,0.49
47001,2016,35.1,7.1,0.45
50000,2016,24.5,7.5,0.46
50001,2016,19.8,4.7,0.45
52000,2016,45.7,16.2,0.52
52001,2016,23,3.2,0.47
54001,2016,33.4,7,0.43
54000,2016,40.4,12.4,0.47
63000,2016,30.3,7.4,0.47
63001,2016,NA,NA,NA
66001,2016,16.4,1.8,0.41
66000,2016,19.6,3.4,0.44
68001,2016,10.6,1.2,0.4
68000,2016,18,4.7,0.45
70000,2016,46.7,12,0.47
70001,2016,32.4,5.4,0.46
73000,2016,31.4,9.5,0.49
73001,2016,17.3,2.4,0.43
76001,2016,15.4,3.2,0.48
76000,2016,22.6,6.2,0.48
81001,2016,NA,NA,NA
81000,2016,NA,NA,NA
85000,2016,NA,NA,NA
85001,2016,NA,NA,NA
86000,2016,NA,NA,NA
86001,2016,NA,NA,NA
88000,2016,NA,NA,NA
91001,2016,NA,NA,NA
91000,2016,NA,NA,NA
94001,2016,NA,NA,NA
94000,2016,NA,NA,NA
95000,2016,NA,NA,NA
95001,2016,NA,NA,NA
97000,2016,NA,NA,NA
97001,2016,NA,NA,NA
99001,2016,NA,NA,NA
99000,2016,NA,NA,NA
99000,2017,NA,NA,NA
99001,2017,NA,NA,NA
97001,2017,NA,NA,NA
97000,2017,NA,NA,NA
95001,2017,NA,NA,NA
95000,2017,NA,NA,NA
94000,2017,NA,NA,NA
94001,2017,NA,NA,NA
91000,2017,NA,NA,NA
91001,2017,NA,NA,NA
88000,2017,NA,NA,NA
86001,2017,NA,NA,NA
86000,2017,NA,NA,NA
85001,2017,NA,NA,NA
85000,2017,NA,NA,NA
81000,2017,NA,NA,NA
81001,2017,NA,NA,NA
76000,2017,21.1,5.6,0.47
76001,2017,15.5,3.5,0.46
73001,2017,18.4,2.6,0.43
73000,2017,29.1,7.5,0.49
70001,2017,29.2,4.3,0.44
70000,2017,41.6,9.9,0.46
68000,2017,18.9,3.7,0.45
68001,2017,12,1.4,0.41
66000,2017,16.3,2.2,0.43
66001,2017,12.7,0.8,0.4
63001,2017,NA,NA,NA
63000,2017,26.4,5.7,0.45
54000,2017,40,11.1,0.47
54001,2017,33.5,5.3,0.43
52001,2017,20.2,2.9,0.47
52000,2017,40.2,14,0.51
50001,2017,19.5,4.5,0.45
50000,2017,25.1,7.6,0.47
47001,2017,32.9,7.4,0.47
47000,2017,48.5,16.2,0.49
44000,2017,52.6,26.5,0.55
44001,2017,46.9,15.1,0.52
41001,2017,22.2,4.8,0.45
41000,2017,35.7,11.2,0.49
27000,2017,58.7,32.7,0.57
27001,2017,47.9,17.7,0.53
25000,2017,14.7,3,0.43
23000,2017,45.8,11.2,0.47
23001,2017,27.7,3.6,0.46
20001,2017,33.4,7.5,0.46
20000,2017,40.7,13,0.49
19001,2017,29.1,8.1,0.49
19000,2017,48.7,20.8,0.5
18000,2017,35.1,7.2,0.46
18001,2017,33.7,6.8,0.47
17000,2017,26.7,6.5,0.5
17001,2017,13.8,2.1,0.46
15000,2017,28.7,8.6,0.51
15001,2017,16.6,3,0.46
13001,2017,27,4.1,0.45
13000,2017,38.2,7.9,0.46
11001,2017,12.4,2.4,0.5
8001,2017,20,2.4,0.44
8000,2017,24.3,2.6,0.44
5000,2017,21.3,5.5,0.5
5001,2017,13.4,2.4,0.46
1001,2017,26.9,7.4,0.51
1001,2018,27,7.2,0.52
5001,2018,13.9,2.7,0.47
5000,2018,21.2,5.6,0.5
8000,2018,24.2,2.4,0.44
8001,2018,21.1,2.2,0.44
11001,2018,12.4,2.5,0.5
13000,2018,36.2,7,0.47
13001,2018,25.9,3.4,0.45
15001,2018,16.8,2.8,0.46
15000,2018,26.6,5.4,0.48
17001,2018,11.9,2.1,0.45
17000,2018,22.1,5.7,0.49
18001,2018,32.8,6.9,0.49
18000,2018,40.1,8.8,0.48
19000,2018,50.5,22.9,0.52
19001,2018,27.8,7.2,0.48
20000,2018,42.9,12.5,0.49
20001,2018,34.4,7.1,0.45
23001,2018,27.5,3.9,0.45
23000,2018,44.2,11.1,0.48
25000,2018,16.4,4.3,0.42
27001,2018,48.3,16.9,0.53
27000,2018,61.1,34.5,0.58
41000,2018,37,9.2,0.51
41001,2018,20.9,3.8,0.47
44001,2018,47.5,16,0.53
44000,2018,53.7,26.7,0.55
47000,2018,46.6,14.7,0.49
47001,2018,33.7,6.2,0.46
50000,2018,25.4,7.3,0.49
50001,2018,18.1,3.9,0.48
52000,2018,41.4,12.7,0.51
52001,2018,25.4,4.2,0.48
54001,2018,36.2,7,0.44
54000,2018,41.7,10.2,0.47
63000,2018,24.1,4.4,0.45
63001,2018,22.5,4.4,0.46
66001,2018,14.6,1.7,0.42
66000,2018,17.7,3.1,0.44
68001,2018,14.5,1.6,0.43
68000,2018,20.1,3.9,0.49
70000,2018,41,7.5,0.46
70001,2018,28.6,2.9,0.46
73000,2018,31,9.2,0.48
73001,2018,18.1,3,0.44
76001,2018,15.7,3.4,0.46
76000,2018,20.4,5.1,0.47
76001,2019,NA,NA,NA
76000,2019,NA,NA,0.47
73001,2019,NA,NA,NA
73000,2019,NA,NA,0.48
81000,2019,NA,NA,NA
81001,2019,NA,NA,NA
85000,2019,NA,NA,NA
85001,2019,NA,NA,NA
86000,2019,NA,NA,NA
86001,2019,NA,NA,NA
70001,2019,NA,NA,NA
70000,2019,NA,NA,0.48
68001,2019,NA,NA,NA
68000,2019,NA,NA,0.48
66001,2019,NA,NA,NA
66000,2019,NA,NA,0.44
63001,2019,NA,NA,NA
63000,2019,NA,NA,0.47
54001,2019,NA,NA,NA
54000,2019,NA,NA,0.49
52001,2019,NA,NA,NA
52000,2019,NA,NA,0.52
50001,2019,NA,NA,NA
50000,2019,NA,NA,0.49
47001,2019,NA,NA,NA
47000,2019,NA,NA,0.5
44001,2019,NA,NA,NA
44000,2019,NA,NA,0.58
41001,2019,NA,NA,NA
41000,2019,NA,NA,0.51
27001,2019,NA,NA,NA
27000,2019,NA,NA,0.6
23001,2019,NA,NA,NA
23000,2019,NA,NA,0.48
25000,2019,NA,NA,0.44
20001,2019,NA,NA,NA
20000,2019,NA,NA,0.51
19001,2019,NA,NA,NA
19000,2019,NA,NA,0.54
18001,2019,NA,NA,NA
18000,2019,NA,NA,0.48
17001,2019,NA,NA,NA
17000,2019,NA,NA,0.47
15001,2019,NA,NA,NA
15000,2019,NA,NA,0.5
13001,2019,NA,NA,NA
13000,2019,NA,NA,0.48
8001,2019,NA,NA,NA
8000,2019,NA,NA,0.45
11001,2019,NA,NA,NA
5001,2019,NA,NA,NA
5000,2019,NA,NA,0.51
1001,2019,NA,NA,0.53
88000,2019,NA,NA,NA
91000,2019,NA,NA,NA
91001,2019,NA,NA,NA
94000,2019,NA,NA,NA
94001,2019,NA,NA,NA
95000,2019,NA,NA,NA
95001,2019,NA,NA,NA
97000,2019,NA,NA,NA
97001,2019,NA,NA,NA
99000,2019,NA,NA,NA
99001,2019,NA,NA,NA
99001,2020,NA,NA,NA
99000,2020,NA,NA,NA
97001,2020,NA,NA,NA
97000,2020,NA,NA,NA
95001,2020,NA,NA,NA
95000,2020,NA,NA,NA
94001,2020,NA,NA,NA
94000,2020,NA,NA,NA
91001,2020,NA,NA,NA
91000,2020,NA,NA,NA
88000,2020,NA,NA,NA
1001,2020,NA,NA,0.55
5000,2020,NA,NA,0.53
5001,2020,NA,NA,NA
11001,2020,NA,NA,NA
8000,2020,NA,NA,0.48
8001,2020,NA,NA,NA
13000,2020,NA,NA,0.49
13001,2020,NA,NA,NA
15000,2020,NA,NA,0.52
15001,2020,NA,NA,NA
17000,2020,NA,NA,0.47
17001,2020,NA,NA,NA
18000,2020,NA,NA,0.47
18001,2020,NA,NA,NA
19000,2020,NA,NA,0.52
19001,2020,NA,NA,NA
20000,2020,NA,NA,0.52
20001,2020,NA,NA,NA
25000,2020,NA,NA,0.49
23000,2020,NA,NA,0.47
23001,2020,NA,NA,NA
27000,2020,NA,NA,0.56
27001,2020,NA,NA,NA
41000,2020,NA,NA,0.54
41001,2020,NA,NA,NA
44000,2020,NA,NA,0.56
44001,2020,NA,NA,NA
47000,2020,NA,NA,0.51
47001,2020,NA,NA,NA
50000,2020,NA,NA,0.49
50001,2020,NA,NA,NA
52000,2020,NA,NA,0.51
52001,2020,NA,NA,NA
54000,2020,NA,NA,0.52
54001,2020,NA,NA,NA
63000,2020,NA,NA,0.48
63001,2020,NA,NA,NA
66000,2020,NA,NA,0.46
66001,2020,NA,NA,NA
68000,2020,NA,NA,0.51
68001,2020,NA,NA,NA
70000,2020,NA,NA,0.46
70001,2020,NA,NA,NA
86001,2020,NA,NA,NA
86000,2020,NA,NA,NA
85001,2020,NA,NA,NA
85000,2020,NA,NA,NA
81001,2020,NA,NA,NA
81000,2020,NA,NA,NA
73000,2020,NA,NA,0.49
73001,2020,NA,NA,NA
76000,2020,NA,NA,0.51
76001,2020,NA,NA,NA
76001,2021,NA,NA,0.49
76000,2021,NA,NA,0.48
73001,2021,NA,NA,0.44
73000,2021,NA,NA,0.5
81000,2021,NA,NA,NA
81001,2021,NA,NA,NA
85000,2021,NA,NA,NA
85001,2021,NA,NA,NA
86000,2021,NA,NA,NA
86001,2021,NA,NA,NA
70001,2021,NA,NA,NA
70000,2021,NA,NA,0.47
68001,2021,NA,NA,0.48
68000,2021,NA,NA,0.52
66001,2021,NA,NA,0.43
66000,2021,NA,NA,0.42
63001,2021,NA,NA,NA
63000,2021,NA,NA,0.45
54001,2021,NA,NA,0.46
54000,2021,NA,NA,0.47
52001,2021,NA,NA,0.49
52000,2021,NA,NA,0.5
50001,2021,NA,NA,0.45
50000,2021,NA,NA,0.46
47001,2021,NA,NA,NA
47000,2021,NA,NA,0.49
44001,2021,NA,NA,NA
44000,2021,NA,NA,0.55
41001,2021,NA,NA,NA
41000,2021,NA,NA,0.47
27001,2021,NA,NA,NA
27000,2021,NA,NA,0.54
23001,2021,NA,NA,0.47
23000,2021,NA,NA,0.48
25000,2021,NA,NA,0.46
20001,2021,NA,NA,NA
20000,2021,NA,NA,0.49
19001,2021,NA,NA,NA
19000,2021,NA,NA,0.51
18001,2021,NA,NA,NA
18000,2021,NA,NA,0.45
17001,2021,NA,NA,0.48
17000,2021,NA,NA,0.47
15001,2021,NA,NA,NA
15000,2021,NA,NA,0.49
13001,2021,NA,NA,0.46
13000,2021,NA,NA,0.48
8001,2021,NA,NA,0.47
8000,2021,NA,NA,0.46
5001,2021,NA,NA,0.5
5000,2021,NA,NA,0.51
1001,2021,NA,NA,0.52
88000,2021,NA,NA,NA
91000,2021,NA,NA,NA
91001,2021,NA,NA,NA
94000,2021,NA,NA,NA
94001,2021,NA,NA,NA
95000,2021,NA,NA,NA
95001,2021,NA,NA,NA
97000,2021,NA,NA,NA
97001,2021,NA,NA,NA
99000,2021,NA,NA,NA
99001,2021,NA,NA,NA
97161,2005,NA,NA,NA
97666,2005,NA,NA,NA
99524,2005,NA,NA,NA
99624,2005,NA,NA,NA
99773,2005,NA,NA,NA
94343,2005,NA,NA,NA
95015,2005,NA,NA,NA
95200,2005,NA,NA,NA
95025,2005,NA,NA,NA
91540,2005,NA,NA,NA
88564,2005,NA,NA,NA
86219,2005,NA,NA,NA
86320,2005,NA,NA,NA
86568,2005,NA,NA,NA
86569,2005,NA,NA,NA
86571,2005,NA,NA,NA
86573,2005,NA,NA,NA
86749,2005,NA,NA,NA
86755,2005,NA,NA,NA
86757,2005,NA,NA,NA
86760,2005,NA,NA,NA
86885,2005,NA,NA,NA
86865,2005,NA,NA,NA
5002,2005,NA,NA,NA
5004,2005,NA,NA,NA
5021,2005,NA,NA,NA
5030,2005,NA,NA,NA
5031,2005,NA,NA,NA
5034,2005,NA,NA,NA
5036,2005,NA,NA,NA
5038,2005,NA,NA,NA
5040,2005,NA,NA,NA
5042,2005,NA,NA,NA
5044,2005,NA,NA,NA
5045,2005,NA,NA,NA
5051,2005,NA,NA,NA
5055,2005,NA,NA,NA
5059,2005,NA,NA,NA
5079,2005,NA,NA,NA
5086,2005,NA,NA,NA
5088,2005,NA,NA,NA
5091,2005,NA,NA,NA
5093,2005,NA,NA,NA
5101,2005,NA,NA,NA
5107,2005,NA,NA,NA
5113,2005,NA,NA,NA
5120,2005,NA,NA,NA
5125,2005,NA,NA,NA
5129,2005,NA,NA,NA
5134,2005,NA,NA,NA
5138,2005,NA,NA,NA
5142,2005,NA,NA,NA
5145,2005,NA,NA,NA
5147,2005,NA,NA,NA
5148,2005,NA,NA,NA
5150,2005,NA,NA,NA
5154,2005,NA,NA,NA
5172,2005,NA,NA,NA
5190,2005,NA,NA,NA
5197,2005,NA,NA,NA
5206,2005,NA,NA,NA
5209,2005,NA,NA,NA
5212,2005,NA,NA,NA
5234,2005,NA,NA,NA
5237,2005,NA,NA,NA
5240,2005,NA,NA,NA
5250,2005,NA,NA,NA
5792,2005,NA,NA,NA
5809,2005,NA,NA,NA
5819,2005,NA,NA,NA
5837,2005,NA,NA,NA
5842,2005,NA,NA,NA
5847,2005,NA,NA,NA
5854,2005,NA,NA,NA
5856,2005,NA,NA,NA
5858,2005,NA,NA,NA
5861,2005,NA,NA,NA
5873,2005,NA,NA,NA
5885,2005,NA,NA,NA
5887,2005,NA,NA,NA
5890,2005,NA,NA,NA
5895,2005,NA,NA,NA
5893,2005,NA,NA,NA
5264,2005,NA,NA,NA
5266,2005,NA,NA,NA
5282,2005,NA,NA,NA
5284,2005,NA,NA,NA
5306,2005,NA,NA,NA
5308,2005,NA,NA,NA
5310,2005,NA,NA,NA
5313,2005,NA,NA,NA
5315,2005,NA,NA,NA
5318,2005,NA,NA,NA
5321,2005,NA,NA,NA
5347,2005,NA,NA,NA
5353,2005,NA,NA,NA
5360,2005,NA,NA,NA
5361,2005,NA,NA,NA
5364,2005,NA,NA,NA
5368,2005,NA,NA,NA
5376,2005,NA,NA,NA
5380,2005,NA,NA,NA
5390,2005,NA,NA,NA
5400,2005,NA,NA,NA
5411,2005,NA,NA,NA
5425,2005,NA,NA,NA
5440,2005,NA,NA,NA
5467,2005,NA,NA,NA
5475,2005,NA,NA,NA
5480,2005,NA,NA,NA
5483,2005,NA,NA,NA
5490,2005,NA,NA,NA
5495,2005,NA,NA,NA
5501,2005,NA,NA,NA
5541,2005,NA,NA,NA
5543,2005,NA,NA,NA
5576,2005,NA,NA,NA
5579,2005,NA,NA,NA
5585,2005,NA,NA,NA
5591,2005,NA,NA,NA
5604,2005,NA,NA,NA
5607,2005,NA,NA,NA
5615,2005,NA,NA,NA
5628,2005,NA,NA,NA
5631,2005,NA,NA,NA
5642,2005,NA,NA,NA
5647,2005,NA,NA,NA
5649,2005,NA,NA,NA
5652,2005,NA,NA,NA
5656,2005,NA,NA,NA
5658,2005,NA,NA,NA
5659,2005,NA,NA,NA
5660,2005,NA,NA,NA
5664,2005,NA,NA,NA
5665,2005,NA,NA,NA
5667,2005,NA,NA,NA
5670,2005,NA,NA,NA
5674,2005,NA,NA,NA
5679,2005,NA,NA,NA
5686,2005,NA,NA,NA
5690,2005,NA,NA,NA
5697,2005,NA,NA,NA
5736,2005,NA,NA,NA
5756,2005,NA,NA,NA
5761,2005,NA,NA,NA
5789,2005,NA,NA,NA
5790,2005,NA,NA,NA
8549,2005,NA,NA,NA
8558,2005,NA,NA,NA
8560,2005,NA,NA,NA
8573,2005,NA,NA,NA
8606,2005,NA,NA,NA
8634,2005,NA,NA,NA
8638,2005,NA,NA,NA
8675,2005,NA,NA,NA
8685,2005,NA,NA,NA
8758,2005,NA,NA,NA
8770,2005,NA,NA,NA
8832,2005,NA,NA,NA
8849,2005,NA,NA,NA
8078,2005,NA,NA,NA
8137,2005,NA,NA,NA
8141,2005,NA,NA,NA
8296,2005,NA,NA,NA
8372,2005,NA,NA,NA
8421,2005,NA,NA,NA
8433,2005,NA,NA,NA
8436,2005,NA,NA,NA
8520,2005,NA,NA,NA
13683,2005,NA,NA,NA
13688,2005,NA,NA,NA
13744,2005,NA,NA,NA
13760,2005,NA,NA,NA
13780,2005,NA,NA,NA
13810,2005,NA,NA,NA
13836,2005,NA,NA,NA
13838,2005,NA,NA,NA
13873,2005,NA,NA,NA
13894,2005,NA,NA,NA
13006,2005,NA,NA,NA
13030,2005,NA,NA,NA
13042,2005,NA,NA,NA
13052,2005,NA,NA,NA
13062,2005,NA,NA,NA
13074,2005,NA,NA,NA
13140,2005,NA,NA,NA
13160,2005,NA,NA,NA
13188,2005,NA,NA,NA
13212,2005,NA,NA,NA
13222,2005,NA,NA,NA
13244,2005,NA,NA,NA
13248,2005,NA,NA,NA
13268,2005,NA,NA,NA
13300,2005,NA,NA,NA
13430,2005,NA,NA,NA
13433,2005,NA,NA,NA
13440,2005,NA,NA,NA
13442,2005,NA,NA,NA
13458,2005,NA,NA,NA
13468,2005,NA,NA,NA
13473,2005,NA,NA,NA
13490,2005,NA,NA,NA
13549,2005,NA,NA,NA
13580,2005,NA,NA,NA
13600,2005,NA,NA,NA
13620,2005,NA,NA,NA
13647,2005,NA,NA,NA
13650,2005,NA,NA,NA
13654,2005,NA,NA,NA
13655,2005,NA,NA,NA
13657,2005,NA,NA,NA
13667,2005,NA,NA,NA
13670,2005,NA,NA,NA
13673,2005,NA,NA,NA
15022,2005,NA,NA,NA
15047,2005,NA,NA,NA
15051,2005,NA,NA,NA
15087,2005,NA,NA,NA
15090,2005,NA,NA,NA
15092,2005,NA,NA,NA
15097,2005,NA,NA,NA
15104,2005,NA,NA,NA
15106,2005,NA,NA,NA
15109,2005,NA,NA,NA
15114,2005,NA,NA,NA
15131,2005,NA,NA,NA
15135,2005,NA,NA,NA
15162,2005,NA,NA,NA
15172,2005,NA,NA,NA
15176,2005,NA,NA,NA
15180,2005,NA,NA,NA
15183,2005,NA,NA,NA
15185,2005,NA,NA,NA
15187,2005,NA,NA,NA
15189,2005,NA,NA,NA
15204,2005,NA,NA,NA
15212,2005,NA,NA,NA
15215,2005,NA,NA,NA
15218,2005,NA,NA,NA
15223,2005,NA,NA,NA
15224,2005,NA,NA,NA
15226,2005,NA,NA,NA
15232,2005,NA,NA,NA
15236,2005,NA,NA,NA
15238,2005,NA,NA,NA
15244,2005,NA,NA,NA
15248,2005,NA,NA,NA
15272,2005,NA,NA,NA
15276,2005,NA,NA,NA
15293,2005,NA,NA,NA
15296,2005,NA,NA,NA
15299,2005,NA,NA,NA
15317,2005,NA,NA,NA
15322,2005,NA,NA,NA
15325,2005,NA,NA,NA
15332,2005,NA,NA,NA
15362,2005,NA,NA,NA
15367,2005,NA,NA,NA
15368,2005,NA,NA,NA
15377,2005,NA,NA,NA
15380,2005,NA,NA,NA
15401,2005,NA,NA,NA
15403,2005,NA,NA,NA
15407,2005,NA,NA,NA
15425,2005,NA,NA,NA
15442,2005,NA,NA,NA
15455,2005,NA,NA,NA
15464,2005,NA,NA,NA
15466,2005,NA,NA,NA
15469,2005,NA,NA,NA
15476,2005,NA,NA,NA
15480,2005,NA,NA,NA
15491,2005,NA,NA,NA
15494,2005,NA,NA,NA
15500,2005,NA,NA,NA
15507,2005,NA,NA,NA
15511,2005,NA,NA,NA
15514,2005,NA,NA,NA
15516,2005,NA,NA,NA
15518,2005,NA,NA,NA
15522,2005,NA,NA,NA
15531,2005,NA,NA,NA
15533,2005,NA,NA,NA
15537,2005,NA,NA,NA
15542,2005,NA,NA,NA
15550,2005,NA,NA,NA
15572,2005,NA,NA,NA
15580,2005,NA,NA,NA
15599,2005,NA,NA,NA
15600,2005,NA,NA,NA
15621,2005,NA,NA,NA
15632,2005,NA,NA,NA
15638,2005,NA,NA,NA
15646,2005,NA,NA,NA
15660,2005,NA,NA,NA
15664,2005,NA,NA,NA
15667,2005,NA,NA,NA
15673,2005,NA,NA,NA
15676,2005,NA,NA,NA
15681,2005,NA,NA,NA
15686,2005,NA,NA,NA
15690,2005,NA,NA,NA
15693,2005,NA,NA,NA
15696,2005,NA,NA,NA
15720,2005,NA,NA,NA
15723,2005,NA,NA,NA
15740,2005,NA,NA,NA
15753,2005,NA,NA,NA
15755,2005,NA,NA,NA
15757,2005,NA,NA,NA
15759,2005,NA,NA,NA
15761,2005,NA,NA,NA
15762,2005,NA,NA,NA
15763,2005,NA,NA,NA
15764,2005,NA,NA,NA
15774,2005,NA,NA,NA
15776,2005,NA,NA,NA
15778,2005,NA,NA,NA
15790,2005,NA,NA,NA
15798,2005,NA,NA,NA
15804,2005,NA,NA,NA
15806,2005,NA,NA,NA
15808,2005,NA,NA,NA
15810,2005,NA,NA,NA
15814,2005,NA,NA,NA
15816,2005,NA,NA,NA
15820,2005,NA,NA,NA
15822,2005,NA,NA,NA
15832,2005,NA,NA,NA
15835,2005,NA,NA,NA
15837,2005,NA,NA,NA
15839,2005,NA,NA,NA
15842,2005,NA,NA,NA
15861,2005,NA,NA,NA
15879,2005,NA,NA,NA
15897,2005,NA,NA,NA
17513,2005,NA,NA,NA
17524,2005,NA,NA,NA
17541,2005,NA,NA,NA
17614,2005,NA,NA,NA
17616,2005,NA,NA,NA
17653,2005,NA,NA,NA
17662,2005,NA,NA,NA
17665,2005,NA,NA,NA
17013,2005,NA,NA,NA
17042,2005,NA,NA,NA
17050,2005,NA,NA,NA
17088,2005,NA,NA,NA
17174,2005,NA,NA,NA
17272,2005,NA,NA,NA
17380,2005,NA,NA,NA
17388,2005,NA,NA,NA
17433,2005,NA,NA,NA
17442,2005,NA,NA,NA
17444,2005,NA,NA,NA
17446,2005,NA,NA,NA
17486,2005,NA,NA,NA
17495,2005,NA,NA,NA
17777,2005,NA,NA,NA
17867,2005,NA,NA,NA
17873,2005,NA,NA,NA
17877,2005,NA,NA,NA
18029,2005,NA,NA,NA
18094,2005,NA,NA,NA
18150,2005,NA,NA,NA
18205,2005,NA,NA,NA
18247,2005,NA,NA,NA
18256,2005,NA,NA,NA
18410,2005,NA,NA,NA
18460,2005,NA,NA,NA
18479,2005,NA,NA,NA
18592,2005,NA,NA,NA
18610,2005,NA,NA,NA
18753,2005,NA,NA,NA
18756,2005,NA,NA,NA
18860,2005,NA,NA,NA
18785,2005,NA,NA,NA
19455,2005,NA,NA,NA
19473,2005,NA,NA,NA
19513,2005,NA,NA,NA
19517,2005,NA,NA,NA
19532,2005,NA,NA,NA
19533,2005,NA,NA,NA
19548,2005,NA,NA,NA
19573,2005,NA,NA,NA
19585,2005,NA,NA,NA
19622,2005,NA,NA,NA
19693,2005,NA,NA,NA
19698,2005,NA,NA,NA
19701,2005,NA,NA,NA
19743,2005,NA,NA,NA
19760,2005,NA,NA,NA
19780,2005,NA,NA,NA
19785,2005,NA,NA,NA
19807,2005,NA,NA,NA
19809,2005,NA,NA,NA
19821,2005,NA,NA,NA
19824,2005,NA,NA,NA
19845,2005,NA,NA,NA
19022,2005,NA,NA,NA
19050,2005,NA,NA,NA
19075,2005,NA,NA,NA
19100,2005,NA,NA,NA
19110,2005,NA,NA,NA
19130,2005,NA,NA,NA
19137,2005,NA,NA,NA
19142,2005,NA,NA,NA
19212,2005,NA,NA,NA
19256,2005,NA,NA,NA
19290,2005,NA,NA,NA
19300,2005,NA,NA,NA
19318,2005,NA,NA,NA
19355,2005,NA,NA,NA
19364,2005,NA,NA,NA
19392,2005,NA,NA,NA
19397,2005,NA,NA,NA
19418,2005,NA,NA,NA
19450,2005,NA,NA,NA
20011,2005,NA,NA,NA
20013,2005,NA,NA,NA
20032,2005,NA,NA,NA
20045,2005,NA,NA,NA
20060,2005,NA,NA,NA
20175,2005,NA,NA,NA
20178,2005,NA,NA,NA
20228,2005,NA,NA,NA
20238,2005,NA,NA,NA
20250,2005,NA,NA,NA
20295,2005,NA,NA,NA
20310,2005,NA,NA,NA
20383,2005,NA,NA,NA
20400,2005,NA,NA,NA
20443,2005,NA,NA,NA
20517,2005,NA,NA,NA
20550,2005,NA,NA,NA
20570,2005,NA,NA,NA
20614,2005,NA,NA,NA
20621,2005,NA,NA,NA
20710,2005,NA,NA,NA
20750,2005,NA,NA,NA
20770,2005,NA,NA,NA
20787,2005,NA,NA,NA
25001,2005,NA,NA,NA
25019,2005,NA,NA,NA
25035,2005,NA,NA,NA
25040,2005,NA,NA,NA
25053,2005,NA,NA,NA
25086,2005,NA,NA,NA
25095,2005,NA,NA,NA
25099,2005,NA,NA,NA
25120,2005,NA,NA,NA
25123,2005,NA,NA,NA
25126,2005,NA,NA,NA
25148,2005,NA,NA,NA
25151,2005,NA,NA,NA
25154,2005,NA,NA,NA
25168,2005,NA,NA,NA
25175,2005,NA,NA,NA
25178,2005,NA,NA,NA
25181,2005,NA,NA,NA
25183,2005,NA,NA,NA
25200,2005,NA,NA,NA
25214,2005,NA,NA,NA
25224,2005,NA,NA,NA
25245,2005,NA,NA,NA
25258,2005,NA,NA,NA
25260,2005,NA,NA,NA
25772,2005,NA,NA,NA
25777,2005,NA,NA,NA
25779,2005,NA,NA,NA
25781,2005,NA,NA,NA
25785,2005,NA,NA,NA
25793,2005,NA,NA,NA
25797,2005,NA,NA,NA
25799,2005,NA,NA,NA
25805,2005,NA,NA,NA
25807,2005,NA,NA,NA
25815,2005,NA,NA,NA
25817,2005,NA,NA,NA
25823,2005,NA,NA,NA
25839,2005,NA,NA,NA
25841,2005,NA,NA,NA
25843,2005,NA,NA,NA
25845,2005,NA,NA,NA
25851,2005,NA,NA,NA
25862,2005,NA,NA,NA
25867,2005,NA,NA,NA
25871,2005,NA,NA,NA
25873,2005,NA,NA,NA
25875,2005,NA,NA,NA
25878,2005,NA,NA,NA
25885,2005,NA,NA,NA
25898,2005,NA,NA,NA
25899,2005,NA,NA,NA
25269,2005,NA,NA,NA
25279,2005,NA,NA,NA
25281,2005,NA,NA,NA
25286,2005,NA,NA,NA
25288,2005,NA,NA,NA
25290,2005,NA,NA,NA
25293,2005,NA,NA,NA
25295,2005,NA,NA,NA
25297,2005,NA,NA,NA
25299,2005,NA,NA,NA
25307,2005,NA,NA,NA
25312,2005,NA,NA,NA
25317,2005,NA,NA,NA
25320,2005,NA,NA,NA
25322,2005,NA,NA,NA
25324,2005,NA,NA,NA
25326,2005,NA,NA,NA
25328,2005,NA,NA,NA
25335,2005,NA,NA,NA
25339,2005,NA,NA,NA
25368,2005,NA,NA,NA
25372,2005,NA,NA,NA
25377,2005,NA,NA,NA
25386,2005,NA,NA,NA
25394,2005,NA,NA,NA
25398,2005,NA,NA,NA
25402,2005,NA,NA,NA
25407,2005,NA,NA,NA
25426,2005,NA,NA,NA
25430,2005,NA,NA,NA
25436,2005,NA,NA,NA
25438,2005,NA,NA,NA
25473,2005,NA,NA,NA
25483,2005,NA,NA,NA
25486,2005,NA,NA,NA
25488,2005,NA,NA,NA
25489,2005,NA,NA,NA
25491,2005,NA,NA,NA
25506,2005,NA,NA,NA
25513,2005,NA,NA,NA
25518,2005,NA,NA,NA
25524,2005,NA,NA,NA
25530,2005,NA,NA,NA
25535,2005,NA,NA,NA
25572,2005,NA,NA,NA
25580,2005,NA,NA,NA
25592,2005,NA,NA,NA
25594,2005,NA,NA,NA
25596,2005,NA,NA,NA
25599,2005,NA,NA,NA
25612,2005,NA,NA,NA
25645,2005,NA,NA,NA
25649,2005,NA,NA,NA
25653,2005,NA,NA,NA
25658,2005,NA,NA,NA
25662,2005,NA,NA,NA
25718,2005,NA,NA,NA
25736,2005,NA,NA,NA
25740,2005,NA,NA,NA
25743,2005,NA,NA,NA
25745,2005,NA,NA,NA
25754,2005,NA,NA,NA
25758,2005,NA,NA,NA
25769,2005,NA,NA,NA
23350,2005,NA,NA,NA
23417,2005,NA,NA,NA
23419,2005,NA,NA,NA
23464,2005,NA,NA,NA
23466,2005,NA,NA,NA
23500,2005,NA,NA,NA
23555,2005,NA,NA,NA
23570,2005,NA,NA,NA
23574,2005,NA,NA,NA
23580,2005,NA,NA,NA
23586,2005,NA,NA,NA
23660,2005,NA,NA,NA
23670,2005,NA,NA,NA
23672,2005,NA,NA,NA
23675,2005,NA,NA,NA
23678,2005,NA,NA,NA
23682,2005,NA,NA,NA
23686,2005,NA,NA,NA
23807,2005,NA,NA,NA
23815,2005,NA,NA,NA
23855,2005,NA,NA,NA
23068,2005,NA,NA,NA
23079,2005,NA,NA,NA
23090,2005,NA,NA,NA
23162,2005,NA,NA,NA
23168,2005,NA,NA,NA
23182,2005,NA,NA,NA
23189,2005,NA,NA,NA
23300,2005,NA,NA,NA
27425,2005,NA,NA,NA
27430,2005,NA,NA,NA
27450,2005,NA,NA,NA
27491,2005,NA,NA,NA
27495,2005,NA,NA,NA
27580,2005,NA,NA,NA
27600,2005,NA,NA,NA
27615,2005,NA,NA,NA
27660,2005,NA,NA,NA
27745,2005,NA,NA,NA
27787,2005,NA,NA,NA
27800,2005,NA,NA,NA
27810,2005,NA,NA,NA
27006,2005,NA,NA,NA
27025,2005,NA,NA,NA
27050,2005,NA,NA,NA
27073,2005,NA,NA,NA
27075,2005,NA,NA,NA
27077,2005,NA,NA,NA
27099,2005,NA,NA,NA
27135,2005,NA,NA,NA
27150,2005,NA,NA,NA
27160,2005,NA,NA,NA
27205,2005,NA,NA,NA
27245,2005,NA,NA,NA
27250,2005,NA,NA,NA
27361,2005,NA,NA,NA
27372,2005,NA,NA,NA
27413,2005,NA,NA,NA
41006,2005,NA,NA,NA
41013,2005,NA,NA,NA
41016,2005,NA,NA,NA
41020,2005,NA,NA,NA
41026,2005,NA,NA,NA
41078,2005,NA,NA,NA
41132,2005,NA,NA,NA
41206,2005,NA,NA,NA
41244,2005,NA,NA,NA
41298,2005,NA,NA,NA
41306,2005,NA,NA,NA
41319,2005,NA,NA,NA
41349,2005,NA,NA,NA
41357,2005,NA,NA,NA
41359,2005,NA,NA,NA
41378,2005,NA,NA,NA
41396,2005,NA,NA,NA
41483,2005,NA,NA,NA
41503,2005,NA,NA,NA
41518,2005,NA,NA,NA
41524,2005,NA,NA,NA
41530,2005,NA,NA,NA
41548,2005,NA,NA,NA
41551,2005,NA,NA,NA
41615,2005,NA,NA,NA
41660,2005,NA,NA,NA
41668,2005,NA,NA,NA
41676,2005,NA,NA,NA
41770,2005,NA,NA,NA
41791,2005,NA,NA,NA
41797,2005,NA,NA,NA
41799,2005,NA,NA,NA
41801,2005,NA,NA,NA
41807,2005,NA,NA,NA
41885,2005,NA,NA,NA
41872,2005,NA,NA,NA
44035,2005,NA,NA,NA
44078,2005,NA,NA,NA
44090,2005,NA,NA,NA
44098,2005,NA,NA,NA
44110,2005,NA,NA,NA
44279,2005,NA,NA,NA
44378,2005,NA,NA,NA
44420,2005,NA,NA,NA
44430,2005,NA,NA,NA
44560,2005,NA,NA,NA
44650,2005,NA,NA,NA
44847,2005,NA,NA,NA
44855,2005,NA,NA,NA
44874,2005,NA,NA,NA
47030,2005,NA,NA,NA
47053,2005,NA,NA,NA
47058,2005,NA,NA,NA
47161,2005,NA,NA,NA
47170,2005,NA,NA,NA
47189,2005,NA,NA,NA
47205,2005,NA,NA,NA
47245,2005,NA,NA,NA
47258,2005,NA,NA,NA
47268,2005,NA,NA,NA
47288,2005,NA,NA,NA
47318,2005,NA,NA,NA
47460,2005,NA,NA,NA
47541,2005,NA,NA,NA
47545,2005,NA,NA,NA
47551,2005,NA,NA,NA
47555,2005,NA,NA,NA
47570,2005,NA,NA,NA
47605,2005,NA,NA,NA
47660,2005,NA,NA,NA
47675,2005,NA,NA,NA
47692,2005,NA,NA,NA
47703,2005,NA,NA,NA
47707,2005,NA,NA,NA
47720,2005,NA,NA,NA
47745,2005,NA,NA,NA
47798,2005,NA,NA,NA
47960,2005,NA,NA,NA
47980,2005,NA,NA,NA
50325,2005,NA,NA,NA
50330,2005,NA,NA,NA
50350,2005,NA,NA,NA
50370,2005,NA,NA,NA
50400,2005,NA,NA,NA
50450,2005,NA,NA,NA
50568,2005,NA,NA,NA
50573,2005,NA,NA,NA
50577,2005,NA,NA,NA
50590,2005,NA,NA,NA
50606,2005,NA,NA,NA
50680,2005,NA,NA,NA
50683,2005,NA,NA,NA
50686,2005,NA,NA,NA
50689,2005,NA,NA,NA
50711,2005,NA,NA,NA
50006,2005,NA,NA,NA
50110,2005,NA,NA,NA
50124,2005,NA,NA,NA
50150,2005,NA,NA,NA
50223,2005,NA,NA,NA
50226,2005,NA,NA,NA
50245,2005,NA,NA,NA
50251,2005,NA,NA,NA
50270,2005,NA,NA,NA
50287,2005,NA,NA,NA
50313,2005,NA,NA,NA
50318,2005,NA,NA,NA
52019,2005,NA,NA,NA
52022,2005,NA,NA,NA
52036,2005,NA,NA,NA
52051,2005,NA,NA,NA
52079,2005,NA,NA,NA
52083,2005,NA,NA,NA
52110,2005,NA,NA,NA
52203,2005,NA,NA,NA
52207,2005,NA,NA,NA
52210,2005,NA,NA,NA
52215,2005,NA,NA,NA
52224,2005,NA,NA,NA
52227,2005,NA,NA,NA
52233,2005,NA,NA,NA
52240,2005,NA,NA,NA
52250,2005,NA,NA,NA
52254,2005,NA,NA,NA
52256,2005,NA,NA,NA
52258,2005,NA,NA,NA
52260,2005,NA,NA,NA
52287,2005,NA,NA,NA
52317,2005,NA,NA,NA
52320,2005,NA,NA,NA
52323,2005,NA,NA,NA
52352,2005,NA,NA,NA
52354,2005,NA,NA,NA
52356,2005,NA,NA,NA
52378,2005,NA,NA,NA
52381,2005,NA,NA,NA
52385,2005,NA,NA,NA
52390,2005,NA,NA,NA
52399,2005,NA,NA,NA
52405,2005,NA,NA,NA
52411,2005,NA,NA,NA
52418,2005,NA,NA,NA
52427,2005,NA,NA,NA
52435,2005,NA,NA,NA
52473,2005,NA,NA,NA
52480,2005,NA,NA,NA
52490,2005,NA,NA,NA
52506,2005,NA,NA,NA
52520,2005,NA,NA,NA
52540,2005,NA,NA,NA
52560,2005,NA,NA,NA
52565,2005,NA,NA,NA
52573,2005,NA,NA,NA
52585,2005,NA,NA,NA
52612,2005,NA,NA,NA
52621,2005,NA,NA,NA
52678,2005,NA,NA,NA
52683,2005,NA,NA,NA
52685,2005,NA,NA,NA
52687,2005,NA,NA,NA
52693,2005,NA,NA,NA
52694,2005,NA,NA,NA
52696,2005,NA,NA,NA
52699,2005,NA,NA,NA
52720,2005,NA,NA,NA
52786,2005,NA,NA,NA
52788,2005,NA,NA,NA
52835,2005,NA,NA,NA
52885,2005,NA,NA,NA
52838,2005,NA,NA,NA
54003,2005,NA,NA,NA
54051,2005,NA,NA,NA
54099,2005,NA,NA,NA
54109,2005,NA,NA,NA
54125,2005,NA,NA,NA
54128,2005,NA,NA,NA
54172,2005,NA,NA,NA
54174,2005,NA,NA,NA
54206,2005,NA,NA,NA
54223,2005,NA,NA,NA
54239,2005,NA,NA,NA
54245,2005,NA,NA,NA
54250,2005,NA,NA,NA
54261,2005,NA,NA,NA
54313,2005,NA,NA,NA
54344,2005,NA,NA,NA
54347,2005,NA,NA,NA
54377,2005,NA,NA,NA
54385,2005,NA,NA,NA
54398,2005,NA,NA,NA
54405,2005,NA,NA,NA
54418,2005,NA,NA,NA
54480,2005,NA,NA,NA
54498,2005,NA,NA,NA
54518,2005,NA,NA,NA
54520,2005,NA,NA,NA
54553,2005,NA,NA,NA
54599,2005,NA,NA,NA
54660,2005,NA,NA,NA
54670,2005,NA,NA,NA
54673,2005,NA,NA,NA
54680,2005,NA,NA,NA
54720,2005,NA,NA,NA
54743,2005,NA,NA,NA
54800,2005,NA,NA,NA
54810,2005,NA,NA,NA
54820,2005,NA,NA,NA
54871,2005,NA,NA,NA
54874,2005,NA,NA,NA
63111,2005,NA,NA,NA
63130,2005,NA,NA,NA
63190,2005,NA,NA,NA
63212,2005,NA,NA,NA
63272,2005,NA,NA,NA
63302,2005,NA,NA,NA
63401,2005,NA,NA,NA
63470,2005,NA,NA,NA
63548,2005,NA,NA,NA
63690,2005,NA,NA,NA
63594,2005,NA,NA,NA
66045,2005,NA,NA,NA
66075,2005,NA,NA,NA
66088,2005,NA,NA,NA
66170,2005,NA,NA,NA
66318,2005,NA,NA,NA
66383,2005,NA,NA,NA
66400,2005,NA,NA,NA
66440,2005,NA,NA,NA
66456,2005,NA,NA,NA
66687,2005,NA,NA,NA
66572,2005,NA,NA,NA
66594,2005,NA,NA,NA
66682,2005,NA,NA,NA
68013,2005,NA,NA,NA
68020,2005,NA,NA,NA
68051,2005,NA,NA,NA
68077,2005,NA,NA,NA
68079,2005,NA,NA,NA
68081,2005,NA,NA,NA
68092,2005,NA,NA,NA
68101,2005,NA,NA,NA
68121,2005,NA,NA,NA
68132,2005,NA,NA,NA
68147,2005,NA,NA,NA
68152,2005,NA,NA,NA
68160,2005,NA,NA,NA
68162,2005,NA,NA,NA
68167,2005,NA,NA,NA
68169,2005,NA,NA,NA
68176,2005,NA,NA,NA
68179,2005,NA,NA,NA
68190,2005,NA,NA,NA
68207,2005,NA,NA,NA
68209,2005,NA,NA,NA
68211,2005,NA,NA,NA
68217,2005,NA,NA,NA
68229,2005,NA,NA,NA
68235,2005,NA,NA,NA
68245,2005,NA,NA,NA
68250,2005,NA,NA,NA
68255,2005,NA,NA,NA
68264,2005,NA,NA,NA
68266,2005,NA,NA,NA
68271,2005,NA,NA,NA
68276,2005,NA,NA,NA
68296,2005,NA,NA,NA
68298,2005,NA,NA,NA
68307,2005,NA,NA,NA
68318,2005,NA,NA,NA
68320,2005,NA,NA,NA
68322,2005,NA,NA,NA
68324,2005,NA,NA,NA
68327,2005,NA,NA,NA
68344,2005,NA,NA,NA
68368,2005,NA,NA,NA
68370,2005,NA,NA,NA
68377,2005,NA,NA,NA
68385,2005,NA,NA,NA
68397,2005,NA,NA,NA
68406,2005,NA,NA,NA
68418,2005,NA,NA,NA
68425,2005,NA,NA,NA
68432,2005,NA,NA,NA
68444,2005,NA,NA,NA
68464,2005,NA,NA,NA
68468,2005,NA,NA,NA
68498,2005,NA,NA,NA
68500,2005,NA,NA,NA
68502,2005,NA,NA,NA
68522,2005,NA,NA,NA
68524,2005,NA,NA,NA
68533,2005,NA,NA,NA
68547,2005,NA,NA,NA
68549,2005,NA,NA,NA
68572,2005,NA,NA,NA
68573,2005,NA,NA,NA
68575,2005,NA,NA,NA
70110,2005,NA,NA,NA
70124,2005,NA,NA,NA
70204,2005,NA,NA,NA
70215,2005,NA,NA,NA
70221,2005,NA,NA,NA
70230,2005,NA,NA,NA
70233,2005,NA,NA,NA
70235,2005,NA,NA,NA
70265,2005,NA,NA,NA
70400,2005,NA,NA,NA
70418,2005,NA,NA,NA
70429,2005,NA,NA,NA
70473,2005,NA,NA,NA
70508,2005,NA,NA,NA
70523,2005,NA,NA,NA
70670,2005,NA,NA,NA
70678,2005,NA,NA,NA
70702,2005,NA,NA,NA
70823,2005,NA,NA,NA
70708,2005,NA,NA,NA
70713,2005,NA,NA,NA
70717,2005,NA,NA,NA
70742,2005,NA,NA,NA
70771,2005,NA,NA,NA
70820,2005,NA,NA,NA
68615,2005,NA,NA,NA
68655,2005,NA,NA,NA
68669,2005,NA,NA,NA
68673,2005,NA,NA,NA
68679,2005,NA,NA,NA
68682,2005,NA,NA,NA
68684,2005,NA,NA,NA
68686,2005,NA,NA,NA
68689,2005,NA,NA,NA
68705,2005,NA,NA,NA
68720,2005,NA,NA,NA
68745,2005,NA,NA,NA
68755,2005,NA,NA,NA
68770,2005,NA,NA,NA
68773,2005,NA,NA,NA
68780,2005,NA,NA,NA
68820,2005,NA,NA,NA
68855,2005,NA,NA,NA
68861,2005,NA,NA,NA
68867,2005,NA,NA,NA
68895,2005,NA,NA,NA
68872,2005,NA,NA,NA
85010,2005,NA,NA,NA
85015,2005,NA,NA,NA
85125,2005,NA,NA,NA
85136,2005,NA,NA,NA
85139,2005,NA,NA,NA
85162,2005,NA,NA,NA
85225,2005,NA,NA,NA
85230,2005,NA,NA,NA
85250,2005,NA,NA,NA
85263,2005,NA,NA,NA
85279,2005,NA,NA,NA
85300,2005,NA,NA,NA
85315,2005,NA,NA,NA
85325,2005,NA,NA,NA
85400,2005,NA,NA,NA
85410,2005,NA,NA,NA
85430,2005,NA,NA,NA
85440,2005,NA,NA,NA
76892,2005,NA,NA,NA
76113,2005,NA,NA,NA
76122,2005,NA,NA,NA
76126,2005,NA,NA,NA
76130,2005,NA,NA,NA
76147,2005,NA,NA,NA
76233,2005,NA,NA,NA
76243,2005,NA,NA,NA
76246,2005,NA,NA,NA
76248,2005,NA,NA,NA
76250,2005,NA,NA,NA
76275,2005,NA,NA,NA
76306,2005,NA,NA,NA
76318,2005,NA,NA,NA
76364,2005,NA,NA,NA
76377,2005,NA,NA,NA
76400,2005,NA,NA,NA
76403,2005,NA,NA,NA
76497,2005,NA,NA,NA
76520,2005,NA,NA,NA
76563,2005,NA,NA,NA
76606,2005,NA,NA,NA
76616,2005,NA,NA,NA
76622,2005,NA,NA,NA
76670,2005,NA,NA,NA
76736,2005,NA,NA,NA
76823,2005,NA,NA,NA
76828,2005,NA,NA,NA
76834,2005,NA,NA,NA
76845,2005,NA,NA,NA
76863,2005,NA,NA,NA
76869,2005,NA,NA,NA
76890,2005,NA,NA,NA
76895,2005,NA,NA,NA
81065,2005,NA,NA,NA
81220,2005,NA,NA,NA
81300,2005,NA,NA,NA
81591,2005,NA,NA,NA
81794,2005,NA,NA,NA
81736,2005,NA,NA,NA
73024,2005,NA,NA,NA
73026,2005,NA,NA,NA
73030,2005,NA,NA,NA
73043,2005,NA,NA,NA
73055,2005,NA,NA,NA
73067,2005,NA,NA,NA
73124,2005,NA,NA,NA
73148,2005,NA,NA,NA
73152,2005,NA,NA,NA
73168,2005,NA,NA,NA
73200,2005,NA,NA,NA
73217,2005,NA,NA,NA
73226,2005,NA,NA,NA
73236,2005,NA,NA,NA
73268,2005,NA,NA,NA
73270,2005,NA,NA,NA
73275,2005,NA,NA,NA
73283,2005,NA,NA,NA
73319,2005,NA,NA,NA
73347,2005,NA,NA,NA
73349,2005,NA,NA,NA
73352,2005,NA,NA,NA
73408,2005,NA,NA,NA
73411,2005,NA,NA,NA
73443,2005,NA,NA,NA
73449,2005,NA,NA,NA
73461,2005,NA,NA,NA
73483,2005,NA,NA,NA
73504,2005,NA,NA,NA
73520,2005,NA,NA,NA
73547,2005,NA,NA,NA
73555,2005,NA,NA,NA
73563,2005,NA,NA,NA
73585,2005,NA,NA,NA
73616,2005,NA,NA,NA
73622,2005,NA,NA,NA
73624,2005,NA,NA,NA
73671,2005,NA,NA,NA
73675,2005,NA,NA,NA
73678,2005,NA,NA,NA
73686,2005,NA,NA,NA
73770,2005,NA,NA,NA
73854,2005,NA,NA,NA
73861,2005,NA,NA,NA
73870,2005,NA,NA,NA
73873,2005,NA,NA,NA
76020,2005,NA,NA,NA
76036,2005,NA,NA,NA
76041,2005,NA,NA,NA
76054,2005,NA,NA,NA
76100,2005,NA,NA,NA
76109,2005,NA,NA,NA
76111,2005,NA,NA,NA
76111,2018,NA,NA,NA
76109,2018,NA,NA,NA
76100,2018,NA,NA,NA
76054,2018,NA,NA,NA
76041,2018,NA,NA,NA
76036,2018,NA,NA,NA
76020,2018,NA,NA,NA
73873,2018,NA,NA,NA
73870,2018,NA,NA,NA
73861,2018,NA,NA,NA
73854,2018,NA,NA,NA
73770,2018,NA,NA,NA
73686,2018,NA,NA,NA
73678,2018,NA,NA,NA
73675,2018,NA,NA,NA
73671,2018,NA,NA,NA
73624,2018,NA,NA,NA
73622,2018,NA,NA,NA
73616,2018,NA,NA,NA
73585,2018,NA,NA,NA
73563,2018,NA,NA,NA
73555,2018,NA,NA,NA
73547,2018,NA,NA,NA
73520,2018,NA,NA,NA
73504,2018,NA,NA,NA
73483,2018,NA,NA,NA
73461,2018,NA,NA,NA
73449,2018,NA,NA,NA
73443,2018,NA,NA,NA
73411,2018,NA,NA,NA
73408,2018,NA,NA,NA
73352,2018,NA,NA,NA
73349,2018,NA,NA,NA
73347,2018,NA,NA,NA
73319,2018,NA,NA,NA
73283,2018,NA,NA,NA
73275,2018,NA,NA,NA
73270,2018,NA,NA,NA
73268,2018,NA,NA,NA
73236,2018,NA,NA,NA
73226,2018,NA,NA,NA
73217,2018,NA,NA,NA
73200,2018,NA,NA,NA
73168,2018,NA,NA,NA
73152,2018,NA,NA,NA
73148,2018,NA,NA,NA
73124,2018,NA,NA,NA
73067,2018,NA,NA,NA
73055,2018,NA,NA,NA
73043,2018,NA,NA,NA
73030,2018,NA,NA,NA
73026,2018,NA,NA,NA
73024,2018,NA,NA,NA
81736,2018,NA,NA,NA
81794,2018,NA,NA,NA
81591,2018,NA,NA,NA
81300,2018,NA,NA,NA
81220,2018,NA,NA,NA
81065,2018,NA,NA,NA
81001,2018,NA,NA,NA
81000,2018,NA,NA,NA
76895,2018,NA,NA,NA
76890,2018,NA,NA,NA
76869,2018,NA,NA,NA
76863,2018,NA,NA,NA
76845,2018,NA,NA,NA
76834,2018,NA,NA,NA
76828,2018,NA,NA,NA
76823,2018,NA,NA,NA
76736,2018,NA,NA,NA
76670,2018,NA,NA,NA
76622,2018,NA,NA,NA
76616,2018,NA,NA,NA
76606,2018,NA,NA,NA
76563,2018,NA,NA,NA
76520,2018,NA,NA,NA
76497,2018,NA,NA,NA
76403,2018,NA,NA,NA
76400,2018,NA,NA,NA
76377,2018,NA,NA,NA
76364,2018,NA,NA,NA
76318,2018,NA,NA,NA
76306,2018,NA,NA,NA
76275,2018,NA,NA,NA
76250,2018,NA,NA,NA
76248,2018,NA,NA,NA
76246,2018,NA,NA,NA
76243,2018,NA,NA,NA
76233,2018,NA,NA,NA
76147,2018,NA,NA,NA
76130,2018,NA,NA,NA
76126,2018,NA,NA,NA
76122,2018,NA,NA,NA
76113,2018,NA,NA,NA
76892,2018,NA,NA,NA
85440,2018,NA,NA,NA
85430,2018,NA,NA,NA
85410,2018,NA,NA,NA
85400,2018,NA,NA,NA
85325,2018,NA,NA,NA
85315,2018,NA,NA,NA
85300,2018,NA,NA,NA
85279,2018,NA,NA,NA
85263,2018,NA,NA,NA
85250,2018,NA,NA,NA
85230,2018,NA,NA,NA
85225,2018,NA,NA,NA
85162,2018,NA,NA,NA
85139,2018,NA,NA,NA
85136,2018,NA,NA,NA
85125,2018,NA,NA,NA
85015,2018,NA,NA,NA
85010,2018,NA,NA,NA
85001,2018,NA,NA,NA
85000,2018,NA,NA,NA
68872,2018,NA,NA,NA
68895,2018,NA,NA,NA
68867,2018,NA,NA,NA
68861,2018,NA,NA,NA
68855,2018,NA,NA,NA
68820,2018,NA,NA,NA
68780,2018,NA,NA,NA
68773,2018,NA,NA,NA
68770,2018,NA,NA,NA
68755,2018,NA,NA,NA
68745,2018,NA,NA,NA
68720,2018,NA,NA,NA
68705,2018,NA,NA,NA
68689,2018,NA,NA,NA
68686,2018,NA,NA,NA
68684,2018,NA,NA,NA
68682,2018,NA,NA,NA
68679,2018,NA,NA,NA
68673,2018,NA,NA,NA
68669,2018,NA,NA,NA
68655,2018,NA,NA,NA
68615,2018,NA,NA,NA
70820,2018,NA,NA,NA
70771,2018,NA,NA,NA
70742,2018,NA,NA,NA
70717,2018,NA,NA,NA
70713,2018,NA,NA,NA
70708,2018,NA,NA,NA
70823,2018,NA,NA,NA
70702,2018,NA,NA,NA
70678,2018,NA,NA,NA
70670,2018,NA,NA,NA
70523,2018,NA,NA,NA
70508,2018,NA,NA,NA
70473,2018,NA,NA,NA
70429,2018,NA,NA,NA
70418,2018,NA,NA,NA
70400,2018,NA,NA,NA
70265,2018,NA,NA,NA
70235,2018,NA,NA,NA
70233,2018,NA,NA,NA
70230,2018,NA,NA,NA
70221,2018,NA,NA,NA
70215,2018,NA,NA,NA
70204,2018,NA,NA,NA
70124,2018,NA,NA,NA
70110,2018,NA,NA,NA
68575,2018,NA,NA,NA
68573,2018,NA,NA,NA
68572,2018,NA,NA,NA
68549,2018,NA,NA,NA
68547,2018,NA,NA,NA
68533,2018,NA,NA,NA
68524,2018,NA,NA,NA
68522,2018,NA,NA,NA
68502,2018,NA,NA,NA
68500,2018,NA,NA,NA
68498,2018,NA,NA,NA
68468,2018,NA,NA,NA
68464,2018,NA,NA,NA
68444,2018,NA,NA,NA
68432,2018,NA,NA,NA
68425,2018,NA,NA,NA
68418,2018,NA,NA,NA
68406,2018,NA,NA,NA
68397,2018,NA,NA,NA
68385,2018,NA,NA,NA
68377,2018,NA,NA,NA
68370,2018,NA,NA,NA
68368,2018,NA,NA,NA
68344,2018,NA,NA,NA
68327,2018,NA,NA,NA
68324,2018,NA,NA,NA
68322,2018,NA,NA,NA
68320,2018,NA,NA,NA
68318,2018,NA,NA,NA
68307,2018,NA,NA,NA
68298,2018,NA,NA,NA
68296,2018,NA,NA,NA
68276,2018,NA,NA,NA
68271,2018,NA,NA,NA
68266,2018,NA,NA,NA
68264,2018,NA,NA,NA
68255,2018,NA,NA,NA
68250,2018,NA,NA,NA
68245,2018,NA,NA,NA
68235,2018,NA,NA,NA
68229,2018,NA,NA,NA
68217,2018,NA,NA,NA
68211,2018,NA,NA,NA
68209,2018,NA,NA,NA
68207,2018,NA,NA,NA
68190,2018,NA,NA,NA
68179,2018,NA,NA,NA
68176,2018,NA,NA,NA
68169,2018,NA,NA,NA
68167,2018,NA,NA,NA
68162,2018,NA,NA,NA
68160,2018,NA,NA,NA
68152,2018,NA,NA,NA
68147,2018,NA,NA,NA
68132,2018,NA,NA,NA
68121,2018,NA,NA,NA
68101,2018,NA,NA,NA
68092,2018,NA,NA,NA
68081,2018,NA,NA,NA
68079,2018,NA,NA,NA
68077,2018,NA,NA,NA
68051,2018,NA,NA,NA
68020,2018,NA,NA,NA
68013,2018,NA,NA,NA
66682,2018,NA,NA,NA
66594,2018,NA,NA,NA
66572,2018,NA,NA,NA
66687,2018,NA,NA,NA
66456,2018,NA,NA,NA
66440,2018,NA,NA,NA
66400,2018,NA,NA,NA
66383,2018,NA,NA,NA
66318,2018,NA,NA,NA
66170,2018,NA,NA,NA
66088,2018,NA,NA,NA
66075,2018,NA,NA,NA
66045,2018,NA,NA,NA
63594,2018,NA,NA,NA
63690,2018,NA,NA,NA
63548,2018,NA,NA,NA
63470,2018,NA,NA,NA
63401,2018,NA,NA,NA
63302,2018,NA,NA,NA
63272,2018,NA,NA,NA
63212,2018,NA,NA,NA
63190,2018,NA,NA,NA
63130,2018,NA,NA,NA
63111,2018,NA,NA,NA
54874,2018,NA,NA,NA
54871,2018,NA,NA,NA
54820,2018,NA,NA,NA
54810,2018,NA,NA,NA
54800,2018,NA,NA,NA
54743,2018,NA,NA,NA
54720,2018,NA,NA,NA
54680,2018,NA,NA,NA
54673,2018,NA,NA,NA
54670,2018,NA,NA,NA
54660,2018,NA,NA,NA
54599,2018,NA,NA,NA
54553,2018,NA,NA,NA
54520,2018,NA,NA,NA
54518,2018,NA,NA,NA
54498,2018,NA,NA,NA
54480,2018,NA,NA,NA
54418,2018,NA,NA,NA
54405,2018,NA,NA,NA
54398,2018,NA,NA,NA
54385,2018,NA,NA,NA
54377,2018,NA,NA,NA
54347,2018,NA,NA,NA
54344,2018,NA,NA,NA
54313,2018,NA,NA,NA
54261,2018,NA,NA,NA
54250,2018,NA,NA,NA
54245,2018,NA,NA,NA
54239,2018,NA,NA,NA
54223,2018,NA,NA,NA
54206,2018,NA,NA,NA
54174,2018,NA,NA,NA
54172,2018,NA,NA,NA
54128,2018,NA,NA,NA
54125,2018,NA,NA,NA
54109,2018,NA,NA,NA
54099,2018,NA,NA,NA
54051,2018,NA,NA,NA
54003,2018,NA,NA,NA
52838,2018,NA,NA,NA
52885,2018,NA,NA,NA
52835,2018,NA,NA,NA
52788,2018,NA,NA,NA
52786,2018,NA,NA,NA
52720,2018,NA,NA,NA
52699,2018,NA,NA,NA
52696,2018,NA,NA,NA
52694,2018,NA,NA,NA
52693,2018,NA,NA,NA
52687,2018,NA,NA,NA
52685,2018,NA,NA,NA
52683,2018,NA,NA,NA
52678,2018,NA,NA,NA
52621,2018,NA,NA,NA
52612,2018,NA,NA,NA
52585,2018,NA,NA,NA
52573,2018,NA,NA,NA
52565,2018,NA,NA,NA
52560,2018,NA,NA,NA
52540,2018,NA,NA,NA
52520,2018,NA,NA,NA
52506,2018,NA,NA,NA
52490,2018,NA,NA,NA
52480,2018,NA,NA,NA
52473,2018,NA,NA,NA
52435,2018,NA,NA,NA
52427,2018,NA,NA,NA
52418,2018,NA,NA,NA
52411,2018,NA,NA,NA
52405,2018,NA,NA,NA
52399,2018,NA,NA,NA
52390,2018,NA,NA,NA
52385,2018,NA,NA,NA
52381,2018,NA,NA,NA
52378,2018,NA,NA,NA
52356,2018,NA,NA,NA
52354,2018,NA,NA,NA
52352,2018,NA,NA,NA
52323,2018,NA,NA,NA
52320,2018,NA,NA,NA
52317,2018,NA,NA,NA
52287,2018,NA,NA,NA
52260,2018,NA,NA,NA
52258,2018,NA,NA,NA
52256,2018,NA,NA,NA
52254,2018,NA,NA,NA
52250,2018,NA,NA,NA
52240,2018,NA,NA,NA
52233,2018,NA,NA,NA
52227,2018,NA,NA,NA
52224,2018,NA,NA,NA
52215,2018,NA,NA,NA
52210,2018,NA,NA,NA
52207,2018,NA,NA,NA
52203,2018,NA,NA,NA
52110,2018,NA,NA,NA
52083,2018,NA,NA,NA
52079,2018,NA,NA,NA
52051,2018,NA,NA,NA
52036,2018,NA,NA,NA
52022,2018,NA,NA,NA
52019,2018,NA,NA,NA
50318,2018,NA,NA,NA
50313,2018,NA,NA,NA
50287,2018,NA,NA,NA
50270,2018,NA,NA,NA
50251,2018,NA,NA,NA
50245,2018,NA,NA,NA
50226,2018,NA,NA,NA
50223,2018,NA,NA,NA
50150,2018,NA,NA,NA
50124,2018,NA,NA,NA
50110,2018,NA,NA,NA
50006,2018,NA,NA,NA
50711,2018,NA,NA,NA
50689,2018,NA,NA,NA
50686,2018,NA,NA,NA
50683,2018,NA,NA,NA
50680,2018,NA,NA,NA
50606,2018,NA,NA,NA
50590,2018,NA,NA,NA
50577,2018,NA,NA,NA
50573,2018,NA,NA,NA
50568,2018,NA,NA,NA
50450,2018,NA,NA,NA
50400,2018,NA,NA,NA
50370,2018,NA,NA,NA
50350,2018,NA,NA,NA
50330,2018,NA,NA,NA
50325,2018,NA,NA,NA
47980,2018,NA,NA,NA
47960,2018,NA,NA,NA
47798,2018,NA,NA,NA
47745,2018,NA,NA,NA
47720,2018,NA,NA,NA
47707,2018,NA,NA,NA
47703,2018,NA,NA,NA
47692,2018,NA,NA,NA
47675,2018,NA,NA,NA
47660,2018,NA,NA,NA
47605,2018,NA,NA,NA
47570,2018,NA,NA,NA
47555,2018,NA,NA,NA
47551,2018,NA,NA,NA
47545,2018,NA,NA,NA
47541,2018,NA,NA,NA
47460,2018,NA,NA,NA
47318,2018,NA,NA,NA
47288,2018,NA,NA,NA
47268,2018,NA,NA,NA
47258,2018,NA,NA,NA
47245,2018,NA,NA,NA
47205,2018,NA,NA,NA
47189,2018,NA,NA,NA
47170,2018,NA,NA,NA
47161,2018,NA,NA,NA
47058,2018,NA,NA,NA
47053,2018,NA,NA,NA
47030,2018,NA,NA,NA
44874,2018,NA,NA,NA
44855,2018,NA,NA,NA
44847,2018,NA,NA,NA
44650,2018,NA,NA,NA
44560,2018,NA,NA,NA
44430,2018,NA,NA,NA
44420,2018,NA,NA,NA
44378,2018,NA,NA,NA
44279,2018,NA,NA,NA
44110,2018,NA,NA,NA
44098,2018,NA,NA,NA
44090,2018,NA,NA,NA
44078,2018,NA,NA,NA
44035,2018,NA,NA,NA
41872,2018,NA,NA,NA
41885,2018,NA,NA,NA
41807,2018,NA,NA,NA
41801,2018,NA,NA,NA
41799,2018,NA,NA,NA
41797,2018,NA,NA,NA
41791,2018,NA,NA,NA
41770,2018,NA,NA,NA
41676,2018,NA,NA,NA
41668,2018,NA,NA,NA
41660,2018,NA,NA,NA
41615,2018,NA,NA,NA
41551,2018,NA,NA,NA
41548,2018,NA,NA,NA
41530,2018,NA,NA,NA
41524,2018,NA,NA,NA
41518,2018,NA,NA,NA
41503,2018,NA,NA,NA
41483,2018,NA,NA,NA
41396,2018,NA,NA,NA
41378,2018,NA,NA,NA
41359,2018,NA,NA,NA
41357,2018,NA,NA,NA
41349,2018,NA,NA,NA
41319,2018,NA,NA,NA
41306,2018,NA,NA,NA
41298,2018,NA,NA,NA
41244,2018,NA,NA,NA
41206,2018,NA,NA,NA
41132,2018,NA,NA,NA
41078,2018,NA,NA,NA
41026,2018,NA,NA,NA
41020,2018,NA,NA,NA
41016,2018,NA,NA,NA
41013,2018,NA,NA,NA
41006,2018,NA,NA,NA
27413,2018,NA,NA,NA
27372,2018,NA,NA,NA
27361,2018,NA,NA,NA
27250,2018,NA,NA,NA
27245,2018,NA,NA,NA
27205,2018,NA,NA,NA
27160,2018,NA,NA,NA
27150,2018,NA,NA,NA
27135,2018,NA,NA,NA
27099,2018,NA,NA,NA
27077,2018,NA,NA,NA
27075,2018,NA,NA,NA
27073,2018,NA,NA,NA
27050,2018,NA,NA,NA
27025,2018,NA,NA,NA
27006,2018,NA,NA,NA
27810,2018,NA,NA,NA
27800,2018,NA,NA,NA
27787,2018,NA,NA,NA
27745,2018,NA,NA,NA
27660,2018,NA,NA,NA
27615,2018,NA,NA,NA
27600,2018,NA,NA,NA
27580,2018,NA,NA,NA
27495,2018,NA,NA,NA
27491,2018,NA,NA,NA
27450,2018,NA,NA,NA
27430,2018,NA,NA,NA
27425,2018,NA,NA,NA
23300,2018,NA,NA,NA
23189,2018,NA,NA,NA
23182,2018,NA,NA,NA
23168,2018,NA,NA,NA
23162,2018,NA,NA,NA
23090,2018,NA,NA,NA
23079,2018,NA,NA,NA
23068,2018,NA,NA,NA
23855,2018,NA,NA,NA
23815,2018,NA,NA,NA
23807,2018,NA,NA,NA
23686,2018,NA,NA,NA
23682,2018,NA,NA,NA
23678,2018,NA,NA,NA
23675,2018,NA,NA,NA
23672,2018,NA,NA,NA
23670,2018,NA,NA,NA
23660,2018,NA,NA,NA
23586,2018,NA,NA,NA
23580,2018,NA,NA,NA
23574,2018,NA,NA,NA
23570,2018,NA,NA,NA
23555,2018,NA,NA,NA
23500,2018,NA,NA,NA
23466,2018,NA,NA,NA
23464,2018,NA,NA,NA
23419,2018,NA,NA,NA
23417,2018,NA,NA,NA
23350,2018,NA,NA,NA
25769,2018,NA,NA,NA
25758,2018,NA,NA,NA
25754,2018,NA,NA,NA
25745,2018,NA,NA,NA
25743,2018,NA,NA,NA
25740,2018,NA,NA,NA
25736,2018,NA,NA,NA
25718,2018,NA,NA,NA
25662,2018,NA,NA,NA
25658,2018,NA,NA,NA
25653,2018,NA,NA,NA
25649,2018,NA,NA,NA
25645,2018,NA,NA,NA
25612,2018,NA,NA,NA
25599,2018,NA,NA,NA
25596,2018,NA,NA,NA
25594,2018,NA,NA,NA
25592,2018,NA,NA,NA
25580,2018,NA,NA,NA
25572,2018,NA,NA,NA
25535,2018,NA,NA,NA
25530,2018,NA,NA,NA
25524,2018,NA,NA,NA
25518,2018,NA,NA,NA
25513,2018,NA,NA,NA
25506,2018,NA,NA,NA
25491,2018,NA,NA,NA
25489,2018,NA,NA,NA
25488,2018,NA,NA,NA
25486,2018,NA,NA,NA
25483,2018,NA,NA,NA
25473,2018,NA,NA,NA
25438,2018,NA,NA,NA
25436,2018,NA,NA,NA
25430,2018,NA,NA,NA
25426,2018,NA,NA,NA
25407,2018,NA,NA,NA
25402,2018,NA,NA,NA
25398,2018,NA,NA,NA
25394,2018,NA,NA,NA
25386,2018,NA,NA,NA
25377,2018,NA,NA,NA
25372,2018,NA,NA,NA
25368,2018,NA,NA,NA
25339,2018,NA,NA,NA
25335,2018,NA,NA,NA
25328,2018,NA,NA,NA
25326,2018,NA,NA,NA
25324,2018,NA,NA,NA
25322,2018,NA,NA,NA
25320,2018,NA,NA,NA
25317,2018,NA,NA,NA
25312,2018,NA,NA,NA
25307,2018,NA,NA,NA
25299,2018,NA,NA,NA
25297,2018,NA,NA,NA
25295,2018,NA,NA,NA
25293,2018,NA,NA,NA
25290,2018,NA,NA,NA
25288,2018,NA,NA,NA
25286,2018,NA,NA,NA
25281,2018,NA,NA,NA
25279,2018,NA,NA,NA
25269,2018,NA,NA,NA
25899,2018,NA,NA,NA
25898,2018,NA,NA,NA
25885,2018,NA,NA,NA
25878,2018,NA,NA,NA
25875,2018,NA,NA,NA
25873,2018,NA,NA,NA
25871,2018,NA,NA,NA
25867,2018,NA,NA,NA
25862,2018,NA,NA,NA
25851,2018,NA,NA,NA
25845,2018,NA,NA,NA
25843,2018,NA,NA,NA
25841,2018,NA,NA,NA
25839,2018,NA,NA,NA
25823,2018,NA,NA,NA
25817,2018,NA,NA,NA
25815,2018,NA,NA,NA
25807,2018,NA,NA,NA
25805,2018,NA,NA,NA
25799,2018,NA,NA,NA
25797,2018,NA,NA,NA
25793,2018,NA,NA,NA
25785,2018,NA,NA,NA
25781,2018,NA,NA,NA
25779,2018,NA,NA,NA
25777,2018,NA,NA,NA
25772,2018,NA,NA,NA
25260,2018,NA,NA,NA
25258,2018,NA,NA,NA
25245,2018,NA,NA,NA
25224,2018,NA,NA,NA
25214,2018,NA,NA,NA
25200,2018,NA,NA,NA
25183,2018,NA,NA,NA
25181,2018,NA,NA,NA
25178,2018,NA,NA,NA
25175,2018,NA,NA,NA
25168,2018,NA,NA,NA
25154,2018,NA,NA,NA
25151,2018,NA,NA,NA
25148,2018,NA,NA,NA
25126,2018,NA,NA,NA
25123,2018,NA,NA,NA
25120,2018,NA,NA,NA
25099,2018,NA,NA,NA
25095,2018,NA,NA,NA
25086,2018,NA,NA,NA
25053,2018,NA,NA,NA
25040,2018,NA,NA,NA
25035,2018,NA,NA,NA
25019,2018,NA,NA,NA
25001,2018,NA,NA,NA
20787,2018,NA,NA,NA
20770,2018,NA,NA,NA
20750,2018,NA,NA,NA
20710,2018,NA,NA,NA
20621,2018,NA,NA,NA
20614,2018,NA,NA,NA
20570,2018,NA,NA,NA
20550,2018,NA,NA,NA
20517,2018,NA,NA,NA
20443,2018,NA,NA,NA
20400,2018,NA,NA,NA
20383,2018,NA,NA,NA
20310,2018,NA,NA,NA
20295,2018,NA,NA,NA
20250,2018,NA,NA,NA
20238,2018,NA,NA,NA
20228,2018,NA,NA,NA
20178,2018,NA,NA,NA
20175,2018,NA,NA,NA
20060,2018,NA,NA,NA
20045,2018,NA,NA,NA
20032,2018,NA,NA,NA
20013,2018,NA,NA,NA
20011,2018,NA,NA,NA
19450,2018,NA,NA,NA
19418,2018,NA,NA,NA
19397,2018,NA,NA,NA
19392,2018,NA,NA,NA
19364,2018,NA,NA,NA
19355,2018,NA,NA,NA
19318,2018,NA,NA,NA
19300,2018,NA,NA,NA
19290,2018,NA,NA,NA
19256,2018,NA,NA,NA
19212,2018,NA,NA,NA
19142,2018,NA,NA,NA
19137,2018,NA,NA,NA
19130,2018,NA,NA,NA
19110,2018,NA,NA,NA
19100,2018,NA,NA,NA
19075,2018,NA,NA,NA
19050,2018,NA,NA,NA
19022,2018,NA,NA,NA
19845,2018,NA,NA,NA
19824,2018,NA,NA,NA
19821,2018,NA,NA,NA
19809,2018,NA,NA,NA
19807,2018,NA,NA,NA
19785,2018,NA,NA,NA
19780,2018,NA,NA,NA
19760,2018,NA,NA,NA
19743,2018,NA,NA,NA
19701,2018,NA,NA,NA
19698,2018,NA,NA,NA
19693,2018,NA,NA,NA
19622,2018,NA,NA,NA
19585,2018,NA,NA,NA
19573,2018,NA,NA,NA
19548,2018,NA,NA,NA
19533,2018,NA,NA,NA
19532,2018,NA,NA,NA
19517,2018,NA,NA,NA
19513,2018,NA,NA,NA
19473,2018,NA,NA,NA
19455,2018,NA,NA,NA
18785,2018,NA,NA,NA
18860,2018,NA,NA,NA
18756,2018,NA,NA,NA
18753,2018,NA,NA,NA
18610,2018,NA,NA,NA
18592,2018,NA,NA,NA
18479,2018,NA,NA,NA
18460,2018,NA,NA,NA
18410,2018,NA,NA,NA
18256,2018,NA,NA,NA
18247,2018,NA,NA,NA
18205,2018,NA,NA,NA
18150,2018,NA,NA,NA
18094,2018,NA,NA,NA
18029,2018,NA,NA,NA
17877,2018,NA,NA,NA
17873,2018,NA,NA,NA
17867,2018,NA,NA,NA
17777,2018,NA,NA,NA
17495,2018,NA,NA,NA
17486,2018,NA,NA,NA
17446,2018,NA,NA,NA
17444,2018,NA,NA,NA
17442,2018,NA,NA,NA
17433,2018,NA,NA,NA
17388,2018,NA,NA,NA
17380,2018,NA,NA,NA
17272,2018,NA,NA,NA
17174,2018,NA,NA,NA
17088,2018,NA,NA,NA
17050,2018,NA,NA,NA
17042,2018,NA,NA,NA
17013,2018,NA,NA,NA
17665,2018,NA,NA,NA
17662,2018,NA,NA,NA
17653,2018,NA,NA,NA
17616,2018,NA,NA,NA
17614,2018,NA,NA,NA
17541,2018,NA,NA,NA
17524,2018,NA,NA,NA
17513,2018,NA,NA,NA
15897,2018,NA,NA,NA
15879,2018,NA,NA,NA
15861,2018,NA,NA,NA
15842,2018,NA,NA,NA
15839,2018,NA,NA,NA
15837,2018,NA,NA,NA
15835,2018,NA,NA,NA
15832,2018,NA,NA,NA
15822,2018,NA,NA,NA
15820,2018,NA,NA,NA
15816,2018,NA,NA,NA
15814,2018,NA,NA,NA
15810,2018,NA,NA,NA
15808,2018,NA,NA,NA
15806,2018,NA,NA,NA
15804,2018,NA,NA,NA
15798,2018,NA,NA,NA
15790,2018,NA,NA,NA
15778,2018,NA,NA,NA
15776,2018,NA,NA,NA
15774,2018,NA,NA,NA
15764,2018,NA,NA,NA
15763,2018,NA,NA,NA
15762,2018,NA,NA,NA
15761,2018,NA,NA,NA
15759,2018,NA,NA,NA
15757,2018,NA,NA,NA
15755,2018,NA,NA,NA
15753,2018,NA,NA,NA
15740,2018,NA,NA,NA
15723,2018,NA,NA,NA
15720,2018,NA,NA,NA
15696,2018,NA,NA,NA
15693,2018,NA,NA,NA
15690,2018,NA,NA,NA
15686,2018,NA,NA,NA
15681,2018,NA,NA,NA
15676,2018,NA,NA,NA
15673,2018,NA,NA,NA
15667,2018,NA,NA,NA
15664,2018,NA,NA,NA
15660,2018,NA,NA,NA
15646,2018,NA,NA,NA
15638,2018,NA,NA,NA
15632,2018,NA,NA,NA
15621,2018,NA,NA,NA
15600,2018,NA,NA,NA
15599,2018,NA,NA,NA
15580,2018,NA,NA,NA
15572,2018,NA,NA,NA
15550,2018,NA,NA,NA
15542,2018,NA,NA,NA
15537,2018,NA,NA,NA
15533,2018,NA,NA,NA
15531,2018,NA,NA,NA
15522,2018,NA,NA,NA
15518,2018,NA,NA,NA
15516,2018,NA,NA,NA
15514,2018,NA,NA,NA
15511,2018,NA,NA,NA
15507,2018,NA,NA,NA
15500,2018,NA,NA,NA
15494,2018,NA,NA,NA
15491,2018,NA,NA,NA
15480,2018,NA,NA,NA
15476,2018,NA,NA,NA
15469,2018,NA,NA,NA
15466,2018,NA,NA,NA
15464,2018,NA,NA,NA
15455,2018,NA,NA,NA
15442,2018,NA,NA,NA
15425,2018,NA,NA,NA
15407,2018,NA,NA,NA
15403,2018,NA,NA,NA
15401,2018,NA,NA,NA
15380,2018,NA,NA,NA
15377,2018,NA,NA,NA
15368,2018,NA,NA,NA
15367,2018,NA,NA,NA
15362,2018,NA,NA,NA
15332,2018,NA,NA,NA
15325,2018,NA,NA,NA
15322,2018,NA,NA,NA
15317,2018,NA,NA,NA
15299,2018,NA,NA,NA
15296,2018,NA,NA,NA
15293,2018,NA,NA,NA
15276,2018,NA,NA,NA
15272,2018,NA,NA,NA
15248,2018,NA,NA,NA
15244,2018,NA,NA,NA
15238,2018,NA,NA,NA
15236,2018,NA,NA,NA
15232,2018,NA,NA,NA
15226,2018,NA,NA,NA
15224,2018,NA,NA,NA
15223,2018,NA,NA,NA
15218,2018,NA,NA,NA
15215,2018,NA,NA,NA
15212,2018,NA,NA,NA
15204,2018,NA,NA,NA
15189,2018,NA,NA,NA
15187,2018,NA,NA,NA
15185,2018,NA,NA,NA
15183,2018,NA,NA,NA
15180,2018,NA,NA,NA
15176,2018,NA,NA,NA
15172,2018,NA,NA,NA
15162,2018,NA,NA,NA
15135,2018,NA,NA,NA
15131,2018,NA,NA,NA
15114,2018,NA,NA,NA
15109,2018,NA,NA,NA
15106,2018,NA,NA,NA
15104,2018,NA,NA,NA
15097,2018,NA,NA,NA
15092,2018,NA,NA,NA
15090,2018,NA,NA,NA
15087,2018,NA,NA,NA
15051,2018,NA,NA,NA
15047,2018,NA,NA,NA
15022,2018,NA,NA,NA
13673,2018,NA,NA,NA
13670,2018,NA,NA,NA
13667,2018,NA,NA,NA
13657,2018,NA,NA,NA
13655,2018,NA,NA,NA
13654,2018,NA,NA,NA
13650,2018,NA,NA,NA
13647,2018,NA,NA,NA
13620,2018,NA,NA,NA
13600,2018,NA,NA,NA
13580,2018,NA,NA,NA
13549,2018,NA,NA,NA
13490,2018,NA,NA,NA
13473,2018,NA,NA,NA
13468,2018,NA,NA,NA
13458,2018,NA,NA,NA
13442,2018,NA,NA,NA
13440,2018,NA,NA,NA
13433,2018,NA,NA,NA
13430,2018,NA,NA,NA
13300,2018,NA,NA,NA
13268,2018,NA,NA,NA
13248,2018,NA,NA,NA
13244,2018,NA,NA,NA
13222,2018,NA,NA,NA
13212,2018,NA,NA,NA
13188,2018,NA,NA,NA
13160,2018,NA,NA,NA
13140,2018,NA,NA,NA
13074,2018,NA,NA,NA
13062,2018,NA,NA,NA
13052,2018,NA,NA,NA
13042,2018,NA,NA,NA
13030,2018,NA,NA,NA
13006,2018,NA,NA,NA
13894,2018,NA,NA,NA
13873,2018,NA,NA,NA
13838,2018,NA,NA,NA
13836,2018,NA,NA,NA
13810,2018,NA,NA,NA
13780,2018,NA,NA,NA
13760,2018,NA,NA,NA
13744,2018,NA,NA,NA
13688,2018,NA,NA,NA
13683,2018,NA,NA,NA
8520,2018,NA,NA,NA
8436,2018,NA,NA,NA
8433,2018,NA,NA,NA
8421,2018,NA,NA,NA
8372,2018,NA,NA,NA
8296,2018,NA,NA,NA
8141,2018,NA,NA,NA
8137,2018,NA,NA,NA
8078,2018,NA,NA,NA
8849,2018,NA,NA,NA
8832,2018,NA,NA,NA
8770,2018,NA,NA,NA
8758,2018,NA,NA,NA
8685,2018,NA,NA,NA
8675,2018,NA,NA,NA
8638,2018,NA,NA,NA
8634,2018,NA,NA,NA
8606,2018,NA,NA,NA
8573,2018,NA,NA,NA
8560,2018,NA,NA,NA
8558,2018,NA,NA,NA
8549,2018,NA,NA,NA
5790,2018,NA,NA,NA
5789,2018,NA,NA,NA
5761,2018,NA,NA,NA
5756,2018,NA,NA,NA
5736,2018,NA,NA,NA
5697,2018,NA,NA,NA
5690,2018,NA,NA,NA
5686,2018,NA,NA,NA
5679,2018,NA,NA,NA
5674,2018,NA,NA,NA
5670,2018,NA,NA,NA
5667,2018,NA,NA,NA
5665,2018,NA,NA,NA
5664,2018,NA,NA,NA
5660,2018,NA,NA,NA
5659,2018,NA,NA,NA
5658,2018,NA,NA,NA
5656,2018,NA,NA,NA
5652,2018,NA,NA,NA
5649,2018,NA,NA,NA
5647,2018,NA,NA,NA
5642,2018,NA,NA,NA
5631,2018,NA,NA,NA
5628,2018,NA,NA,NA
5615,2018,NA,NA,NA
5607,2018,NA,NA,NA
5604,2018,NA,NA,NA
5591,2018,NA,NA,NA
5585,2018,NA,NA,NA
5579,2018,NA,NA,NA
5576,2018,NA,NA,NA
5543,2018,NA,NA,NA
5541,2018,NA,NA,NA
5501,2018,NA,NA,NA
5495,2018,NA,NA,NA
5490,2018,NA,NA,NA
5483,2018,NA,NA,NA
5480,2018,NA,NA,NA
5475,2018,NA,NA,NA
5467,2018,NA,NA,NA
5440,2018,NA,NA,NA
5425,2018,NA,NA,NA
5411,2018,NA,NA,NA
5400,2018,NA,NA,NA
5390,2018,NA,NA,NA
5380,2018,NA,NA,NA
5376,2018,NA,NA,NA
5368,2018,NA,NA,NA
5364,2018,NA,NA,NA
5361,2018,NA,NA,NA
5360,2018,NA,NA,NA
5353,2018,NA,NA,NA
5347,2018,NA,NA,NA
5321,2018,NA,NA,NA
5318,2018,NA,NA,NA
5315,2018,NA,NA,NA
5313,2018,NA,NA,NA
5310,2018,NA,NA,NA
5308,2018,NA,NA,NA
5306,2018,NA,NA,NA
5284,2018,NA,NA,NA
5282,2018,NA,NA,NA
5266,2018,NA,NA,NA
5264,2018,NA,NA,NA
5893,2018,NA,NA,NA
5895,2018,NA,NA,NA
5890,2018,NA,NA,NA
5887,2018,NA,NA,NA
5885,2018,NA,NA,NA
5873,2018,NA,NA,NA
5861,2018,NA,NA,NA
5858,2018,NA,NA,NA
5856,2018,NA,NA,NA
5854,2018,NA,NA,NA
5847,2018,NA,NA,NA
5842,2018,NA,NA,NA
5837,2018,NA,NA,NA
5819,2018,NA,NA,NA
5809,2018,NA,NA,NA
5792,2018,NA,NA,NA
5250,2018,NA,NA,NA
5240,2018,NA,NA,NA
5237,2018,NA,NA,NA
5234,2018,NA,NA,NA
5212,2018,NA,NA,NA
5209,2018,NA,NA,NA
5206,2018,NA,NA,NA
5197,2018,NA,NA,NA
5190,2018,NA,NA,NA
5172,2018,NA,NA,NA
5154,2018,NA,NA,NA
5150,2018,NA,NA,NA
5148,2018,NA,NA,NA
5147,2018,NA,NA,NA
5145,2018,NA,NA,NA
5142,2018,NA,NA,NA
5138,2018,NA,NA,NA
5134,2018,NA,NA,NA
5129,2018,NA,NA,NA
5125,2018,NA,NA,NA
5120,2018,NA,NA,NA
5113,2018,NA,NA,NA
5107,2018,NA,NA,NA
5101,2018,NA,NA,NA
5093,2018,NA,NA,NA
5091,2018,NA,NA,NA
5088,2018,NA,NA,NA
5086,2018,NA,NA,NA
5079,2018,NA,NA,NA
5059,2018,NA,NA,NA
5055,2018,NA,NA,NA
5051,2018,NA,NA,NA
5045,2018,NA,NA,NA
5044,2018,NA,NA,NA
5042,2018,NA,NA,NA
5040,2018,NA,NA,NA
5038,2018,NA,NA,NA
5036,2018,NA,NA,NA
5034,2018,NA,NA,NA
5031,2018,NA,NA,NA
5030,2018,NA,NA,NA
5021,2018,NA,NA,NA
5004,2018,NA,NA,NA
5002,2018,NA,NA,NA
86865,2018,NA,NA,NA
86885,2018,NA,NA,NA
86760,2018,NA,NA,NA
86757,2018,NA,NA,NA
86755,2018,NA,NA,NA
86749,2018,NA,NA,NA
86573,2018,NA,NA,NA
86571,2018,NA,NA,NA
86569,2018,NA,NA,NA
86568,2018,NA,NA,NA
86320,2018,NA,NA,NA
86219,2018,NA,NA,NA
86001,2018,NA,NA,NA
86000,2018,NA,NA,NA
88564,2018,NA,NA,NA
88000,2018,NA,NA,NA
91001,2018,NA,NA,NA
91540,2018,NA,NA,NA
91000,2018,NA,NA,NA
95025,2018,NA,NA,NA
95200,2018,NA,NA,NA
95015,2018,NA,NA,NA
95001,2018,NA,NA,NA
95000,2018,NA,NA,NA
94343,2018,NA,NA,NA
94001,2018,NA,NA,NA
94000,2018,NA,NA,NA
99773,2018,NA,NA,NA
99624,2018,NA,NA,NA
99524,2018,NA,NA,NA
99001,2018,NA,NA,NA
99000,2018,NA,NA,NA
97666,2018,NA,NA,NA
97000,2018,NA,NA,NA
97161,2018,NA,NA,NA
97001,2018,NA,NA,NA
76000,2023,NA,NA,NA
76001,2023,NA,NA,NA
76020,2023,NA,NA,NA
76036,2023,NA,NA,NA
76041,2023,NA,NA,NA
76054,2023,NA,NA,NA
76100,2023,NA,NA,NA
76109,2023,NA,NA,NA
76111,2023,NA,NA,NA
76113,2023,NA,NA,NA
76122,2023,NA,NA,NA
76126,2023,NA,NA,NA
76130,2023,NA,NA,NA
76147,2023,NA,NA,NA
76233,2023,NA,NA,NA
76243,2023,NA,NA,NA
76246,2023,NA,NA,NA
76248,2023,NA,NA,NA
76250,2023,NA,NA,NA
76275,2023,NA,NA,NA
76306,2023,NA,NA,NA
76318,2023,NA,NA,NA
76364,2023,NA,NA,NA
76377,2023,NA,NA,NA
76400,2023,NA,NA,NA
76403,2023,NA,NA,NA
76497,2023,NA,NA,NA
76520,2023,NA,NA,NA
76563,2023,NA,NA,NA
76606,2023,NA,NA,NA
76616,2023,NA,NA,NA
76622,2023,NA,NA,NA
76670,2023,NA,NA,NA
76736,2023,NA,NA,NA
76823,2023,NA,NA,NA
76828,2023,NA,NA,NA
76834,2023,NA,NA,NA
76845,2023,NA,NA,NA
76863,2023,NA,NA,NA
76869,2023,NA,NA,NA
76890,2023,NA,NA,NA
76892,2023,NA,NA,NA
76895,2023,NA,NA,NA
81000,2023,NA,NA,NA
81001,2023,NA,NA,NA
81065,2023,NA,NA,NA
81220,2023,NA,NA,NA
81300,2023,NA,NA,NA
81591,2023,NA,NA,NA
81736,2023,NA,NA,NA
81794,2023,NA,NA,NA
85000,2023,NA,NA,NA
85001,2023,NA,NA,NA
85010,2023,NA,NA,NA
85015,2023,NA,NA,NA
85125,2023,NA,NA,NA
85136,2023,NA,NA,NA
85139,2023,NA,NA,NA
85162,2023,NA,NA,NA
85225,2023,NA,NA,NA
85230,2023,NA,NA,NA
85250,2023,NA,NA,NA
85263,2023,NA,NA,NA
85279,2023,NA,NA,NA
85300,2023,NA,NA,NA
85315,2023,NA,NA,NA
85325,2023,NA,NA,NA
85400,2023,NA,NA,NA
85410,2023,NA,NA,NA
85430,2023,NA,NA,NA
85440,2023,NA,NA,NA
86000,2023,NA,NA,NA
86001,2023,NA,NA,NA
86219,2023,NA,NA,NA
86320,2023,NA,NA,NA
86568,2023,NA,NA,NA
86569,2023,NA,NA,NA
86571,2023,NA,NA,NA
86573,2023,NA,NA,NA
86749,2023,NA,NA,NA
86755,2023,NA,NA,NA
86757,2023,NA,NA,NA
86760,2023,NA,NA,NA
86865,2023,NA,NA,NA
86885,2023,NA,NA,NA
70000,2023,NA,NA,NA
70001,2023,NA,NA,NA
70110,2023,NA,NA,NA
70124,2023,NA,NA,NA
70204,2023,NA,NA,NA
70215,2023,NA,NA,NA
70221,2023,NA,NA,NA
70230,2023,NA,NA,NA
70233,2023,NA,NA,NA
70235,2023,NA,NA,NA
70265,2023,NA,NA,NA
70400,2023,NA,NA,NA
70418,2023,NA,NA,NA
70429,2023,NA,NA,NA
70473,2023,NA,NA,NA
70508,2023,NA,NA,NA
70523,2023,NA,NA,NA
70670,2023,NA,NA,NA
70678,2023,NA,NA,NA
70702,2023,NA,NA,NA
70708,2023,NA,NA,NA
70713,2023,NA,NA,NA
70717,2023,NA,NA,NA
70742,2023,NA,NA,NA
70771,2023,NA,NA,NA
70820,2023,NA,NA,NA
70823,2023,NA,NA,NA
73000,2023,NA,NA,NA
73001,2023,NA,NA,NA
73024,2023,NA,NA,NA
73026,2023,NA,NA,NA
73030,2023,NA,NA,NA
73043,2023,NA,NA,NA
73055,2023,NA,NA,NA
73067,2023,NA,NA,NA
73124,2023,NA,NA,NA
73148,2023,NA,NA,NA
73152,2023,NA,NA,NA
73168,2023,NA,NA,NA
73200,2023,NA,NA,NA
73217,2023,NA,NA,NA
73226,2023,NA,NA,NA
73236,2023,NA,NA,NA
73268,2023,NA,NA,NA
73270,2023,NA,NA,NA
73275,2023,NA,NA,NA
73283,2023,NA,NA,NA
73319,2023,NA,NA,NA
73347,2023,NA,NA,NA
73349,2023,NA,NA,NA
73352,2023,NA,NA,NA
73408,2023,NA,NA,NA
73411,2023,NA,NA,NA
73443,2023,NA,NA,NA
73449,2023,NA,NA,NA
73461,2023,NA,NA,NA
73483,2023,NA,NA,NA
73504,2023,NA,NA,NA
73520,2023,NA,NA,NA
73547,2023,NA,NA,NA
73555,2023,NA,NA,NA
73563,2023,NA,NA,NA
73585,2023,NA,NA,NA
73616,2023,NA,NA,NA
73622,2023,NA,NA,NA
73624,2023,NA,NA,NA
73671,2023,NA,NA,NA
73675,2023,NA,NA,NA
73678,2023,NA,NA,NA
73686,2023,NA,NA,NA
73770,2023,NA,NA,NA
73854,2023,NA,NA,NA
73861,2023,NA,NA,NA
73870,2023,NA,NA,NA
73873,2023,NA,NA,NA
66000,2023,NA,NA,NA
66001,2023,NA,NA,NA
66045,2023,NA,NA,NA
66075,2023,NA,NA,NA
66088,2023,NA,NA,NA
66170,2023,NA,NA,NA
66318,2023,NA,NA,NA
66383,2023,NA,NA,NA
66400,2023,NA,NA,NA
66440,2023,NA,NA,NA
66456,2023,NA,NA,NA
66572,2023,NA,NA,NA
66594,2023,NA,NA,NA
66682,2023,NA,NA,NA
66687,2023,NA,NA,NA
68000,2023,NA,NA,NA
68001,2023,NA,NA,NA
68013,2023,NA,NA,NA
68020,2023,NA,NA,NA
68051,2023,NA,NA,NA
68077,2023,NA,NA,NA
68079,2023,NA,NA,NA
68081,2023,NA,NA,NA
68092,2023,NA,NA,NA
68101,2023,NA,NA,NA
68121,2023,NA,NA,NA
68132,2023,NA,NA,NA
68147,2023,NA,NA,NA
68152,2023,NA,NA,NA
68160,2023,NA,NA,NA
68162,2023,NA,NA,NA
68167,2023,NA,NA,NA
68169,2023,NA,NA,NA
68176,2023,NA,NA,NA
68179,2023,NA,NA,NA
68190,2023,NA,NA,NA
68207,2023,NA,NA,NA
68209,2023,NA,NA,NA
68211,2023,NA,NA,NA
68217,2023,NA,NA,NA
68229,2023,NA,NA,NA
68235,2023,NA,NA,NA
68245,2023,NA,NA,NA
68250,2023,NA,NA,NA
68255,2023,NA,NA,NA
68264,2023,NA,NA,NA
68266,2023,NA,NA,NA
68271,2023,NA,NA,NA
68276,2023,NA,NA,NA
68296,2023,NA,NA,NA
68298,2023,NA,NA,NA
68307,2023,NA,NA,NA
68318,2023,NA,NA,NA
68320,2023,NA,NA,NA
68322,2023,NA,NA,NA
68324,2023,NA,NA,NA
68327,2023,NA,NA,NA
68344,2023,NA,NA,NA
68368,2023,NA,NA,NA
68370,2023,NA,NA,NA
68377,2023,NA,NA,NA
68385,2023,NA,NA,NA
68397,2023,NA,NA,NA
68406,2023,NA,NA,NA
68418,2023,NA,NA,NA
68425,2023,NA,NA,NA
68432,2023,NA,NA,NA
68444,2023,NA,NA,NA
68464,2023,NA,NA,NA
68468,2023,NA,NA,NA
68498,2023,NA,NA,NA
68500,2023,NA,NA,NA
68502,2023,NA,NA,NA
68522,2023,NA,NA,NA
68524,2023,NA,NA,NA
68533,2023,NA,NA,NA
68547,2023,NA,NA,NA
68549,2023,NA,NA,NA
68572,2023,NA,NA,NA
68573,2023,NA,NA,NA
68575,2023,NA,NA,NA
68615,2023,NA,NA,NA
68655,2023,NA,NA,NA
68669,2023,NA,NA,NA
68673,2023,NA,NA,NA
68679,2023,NA,NA,NA
68682,2023,NA,NA,NA
68684,2023,NA,NA,NA
68686,2023,NA,NA,NA
68689,2023,NA,NA,NA
68705,2023,NA,NA,NA
68720,2023,NA,NA,NA
68745,2023,NA,NA,NA
68755,2023,NA,NA,NA
68770,2023,NA,NA,NA
68773,2023,NA,NA,NA
68780,2023,NA,NA,NA
68820,2023,NA,NA,NA
68855,2023,NA,NA,NA
68861,2023,NA,NA,NA
68867,2023,NA,NA,NA
68872,2023,NA,NA,NA
68895,2023,NA,NA,NA
63000,2023,NA,NA,NA
63001,2023,NA,NA,NA
63111,2023,NA,NA,NA
63130,2023,NA,NA,NA
63190,2023,NA,NA,NA
63212,2023,NA,NA,NA
63272,2023,NA,NA,NA
63302,2023,NA,NA,NA
63401,2023,NA,NA,NA
63470,2023,NA,NA,NA
63548,2023,NA,NA,NA
63594,2023,NA,NA,NA
63690,2023,NA,NA,NA
54000,2023,NA,NA,NA
54001,2023,NA,NA,NA
54003,2023,NA,NA,NA
54051,2023,NA,NA,NA
54099,2023,NA,NA,NA
54109,2023,NA,NA,NA
54125,2023,NA,NA,NA
54128,2023,NA,NA,NA
54172,2023,NA,NA,NA
54174,2023,NA,NA,NA
54206,2023,NA,NA,NA
54223,2023,NA,NA,NA
54239,2023,NA,NA,NA
54245,2023,NA,NA,NA
54250,2023,NA,NA,NA
54261,2023,NA,NA,NA
54313,2023,NA,NA,NA
54344,2023,NA,NA,NA
54347,2023,NA,NA,NA
54377,2023,NA,NA,NA
54385,2023,NA,NA,NA
54398,2023,NA,NA,NA
54405,2023,NA,NA,NA
54418,2023,NA,NA,NA
54480,2023,NA,NA,NA
54498,2023,NA,NA,NA
54518,2023,NA,NA,NA
54520,2023,NA,NA,NA
54553,2023,NA,NA,NA
54599,2023,NA,NA,NA
54660,2023,NA,NA,NA
54670,2023,NA,NA,NA
54673,2023,NA,NA,NA
54680,2023,NA,NA,NA
54720,2023,NA,NA,NA
54743,2023,NA,NA,NA
54800,2023,NA,NA,NA
54810,2023,NA,NA,NA
54820,2023,NA,NA,NA
54871,2023,NA,NA,NA
54874,2023,NA,NA,NA
52000,2023,NA,NA,NA
52001,2023,NA,NA,NA
52019,2023,NA,NA,NA
52022,2023,NA,NA,NA
52036,2023,NA,NA,NA
52051,2023,NA,NA,NA
52079,2023,NA,NA,NA
52083,2023,NA,NA,NA
52110,2023,NA,NA,NA
52203,2023,NA,NA,NA
52207,2023,NA,NA,NA
52210,2023,NA,NA,NA
52215,2023,NA,NA,NA
52224,2023,NA,NA,NA
52227,2023,NA,NA,NA
52233,2023,NA,NA,NA
52240,2023,NA,NA,NA
52250,2023,NA,NA,NA
52254,2023,NA,NA,NA
52256,2023,NA,NA,NA
52258,2023,NA,NA,NA
52260,2023,NA,NA,NA
52287,2023,NA,NA,NA
52317,2023,NA,NA,NA
52320,2023,NA,NA,NA
52323,2023,NA,NA,NA
52352,2023,NA,NA,NA
52354,2023,NA,NA,NA
52356,2023,NA,NA,NA
52378,2023,NA,NA,NA
52381,2023,NA,NA,NA
52385,2023,NA,NA,NA
52390,2023,NA,NA,NA
52399,2023,NA,NA,NA
52405,2023,NA,NA,NA
52411,2023,NA,NA,NA
52418,2023,NA,NA,NA
52427,2023,NA,NA,NA
52435,2023,NA,NA,NA
52473,2023,NA,NA,NA
52480,2023,NA,NA,NA
52490,2023,NA,NA,NA
52506,2023,NA,NA,NA
52520,2023,NA,NA,NA
52540,2023,NA,NA,NA
52560,2023,NA,NA,NA
52565,2023,NA,NA,NA
52573,2023,NA,NA,NA
52585,2023,NA,NA,NA
52612,2023,NA,NA,NA
52621,2023,NA,NA,NA
52678,2023,NA,NA,NA
52683,2023,NA,NA,NA
52685,2023,NA,NA,NA
52687,2023,NA,NA,NA
52693,2023,NA,NA,NA
52694,2023,NA,NA,NA
52696,2023,NA,NA,NA
52699,2023,NA,NA,NA
52720,2023,NA,NA,NA
52786,2023,NA,NA,NA
52788,2023,NA,NA,NA
52835,2023,NA,NA,NA
52838,2023,NA,NA,NA
52885,2023,NA,NA,NA
50000,2023,NA,NA,NA
50001,2023,NA,NA,NA
50006,2023,NA,NA,NA
50110,2023,NA,NA,NA
50124,2023,NA,NA,NA
50150,2023,NA,NA,NA
50223,2023,NA,NA,NA
50226,2023,NA,NA,NA
50245,2023,NA,NA,NA
50251,2023,NA,NA,NA
50270,2023,NA,NA,NA
50287,2023,NA,NA,NA
50313,2023,NA,NA,NA
50318,2023,NA,NA,NA
50325,2023,NA,NA,NA
50330,2023,NA,NA,NA
50350,2023,NA,NA,NA
50370,2023,NA,NA,NA
50400,2023,NA,NA,NA
50450,2023,NA,NA,NA
50568,2023,NA,NA,NA
50573,2023,NA,NA,NA
50577,2023,NA,NA,NA
50590,2023,NA,NA,NA
50606,2023,NA,NA,NA
50680,2023,NA,NA,NA
50683,2023,NA,NA,NA
50686,2023,NA,NA,NA
50689,2023,NA,NA,NA
50711,2023,NA,NA,NA
47000,2023,NA,NA,NA
47001,2023,NA,NA,NA
47030,2023,NA,NA,NA
47053,2023,NA,NA,NA
47058,2023,NA,NA,NA
47161,2023,NA,NA,NA
47170,2023,NA,NA,NA
47189,2023,NA,NA,NA
47205,2023,NA,NA,NA
47245,2023,NA,NA,NA
47258,2023,NA,NA,NA
47268,2023,NA,NA,NA
47288,2023,NA,NA,NA
47318,2023,NA,NA,NA
47460,2023,NA,NA,NA
47541,2023,NA,NA,NA
47545,2023,NA,NA,NA
47551,2023,NA,NA,NA
47555,2023,NA,NA,NA
47570,2023,NA,NA,NA
47605,2023,NA,NA,NA
47660,2023,NA,NA,NA
47675,2023,NA,NA,NA
47692,2023,NA,NA,NA
47703,2023,NA,NA,NA
47707,2023,NA,NA,NA
47720,2023,NA,NA,NA
47745,2023,NA,NA,NA
47798,2023,NA,NA,NA
47960,2023,NA,NA,NA
47980,2023,NA,NA,NA
44000,2023,NA,NA,NA
44001,2023,NA,NA,NA
44035,2023,NA,NA,NA
44078,2023,NA,NA,NA
44090,2023,NA,NA,NA
44098,2023,NA,NA,NA
44110,2023,NA,NA,NA
44279,2023,NA,NA,NA
44378,2023,NA,NA,NA
44420,2023,NA,NA,NA
44430,2023,NA,NA,NA
44560,2023,NA,NA,NA
44650,2023,NA,NA,NA
44847,2023,NA,NA,NA
44855,2023,NA,NA,NA
44874,2023,NA,NA,NA
41000,2023,NA,NA,NA
41001,2023,NA,NA,NA
41006,2023,NA,NA,NA
41013,2023,NA,NA,NA
41016,2023,NA,NA,NA
41020,2023,NA,NA,NA
41026,2023,NA,NA,NA
41078,2023,NA,NA,NA
41132,2023,NA,NA,NA
41206,2023,NA,NA,NA
41244,2023,NA,NA,NA
41298,2023,NA,NA,NA
41306,2023,NA,NA,NA
41319,2023,NA,NA,NA
41349,2023,NA,NA,NA
41357,2023,NA,NA,NA
41359,2023,NA,NA,NA
41378,2023,NA,NA,NA
41396,2023,NA,NA,NA
41483,2023,NA,NA,NA
41503,2023,NA,NA,NA
41518,2023,NA,NA,NA
41524,2023,NA,NA,NA
41530,2023,NA,NA,NA
41548,2023,NA,NA,NA
41551,2023,NA,NA,NA
41615,2023,NA,NA,NA
41660,2023,NA,NA,NA
41668,2023,NA,NA,NA
41676,2023,NA,NA,NA
41770,2023,NA,NA,NA
41791,2023,NA,NA,NA
41797,2023,NA,NA,NA
41799,2023,NA,NA,NA
41801,2023,NA,NA,NA
41807,2023,NA,NA,NA
41872,2023,NA,NA,NA
41885,2023,NA,NA,NA
27000,2023,NA,NA,NA
27001,2023,NA,NA,NA
27006,2023,NA,NA,NA
27025,2023,NA,NA,NA
27050,2023,NA,NA,NA
27073,2023,NA,NA,NA
27075,2023,NA,NA,NA
27077,2023,NA,NA,NA
27099,2023,NA,NA,NA
27135,2023,NA,NA,NA
27150,2023,NA,NA,NA
27160,2023,NA,NA,NA
27205,2023,NA,NA,NA
27245,2023,NA,NA,NA
27250,2023,NA,NA,NA
27361,2023,NA,NA,NA
27372,2023,NA,NA,NA
27413,2023,NA,NA,NA
27425,2023,NA,NA,NA
27430,2023,NA,NA,NA
27450,2023,NA,NA,NA
27491,2023,NA,NA,NA
27495,2023,NA,NA,NA
27580,2023,NA,NA,NA
27600,2023,NA,NA,NA
27615,2023,NA,NA,NA
27660,2023,NA,NA,NA
27745,2023,NA,NA,NA
27787,2023,NA,NA,NA
27800,2023,NA,NA,NA
27810,2023,NA,NA,NA
25000,2023,NA,NA,NA
25001,2023,NA,NA,NA
25019,2023,NA,NA,NA
25035,2023,NA,NA,NA
25040,2023,NA,NA,NA
25053,2023,NA,NA,NA
25086,2023,NA,NA,NA
25095,2023,NA,NA,NA
25099,2023,NA,NA,NA
25120,2023,NA,NA,NA
25123,2023,NA,NA,NA
25126,2023,NA,NA,NA
23000,2023,NA,NA,NA
23001,2023,NA,NA,NA
23068,2023,NA,NA,NA
23079,2023,NA,NA,NA
23090,2023,NA,NA,NA
23162,2023,NA,NA,NA
23168,2023,NA,NA,NA
23182,2023,NA,NA,NA
23189,2023,NA,NA,NA
23300,2023,NA,NA,NA
23350,2023,NA,NA,NA
23417,2023,NA,NA,NA
23419,2023,NA,NA,NA
23464,2023,NA,NA,NA
23466,2023,NA,NA,NA
23500,2023,NA,NA,NA
23555,2023,NA,NA,NA
23570,2023,NA,NA,NA
23574,2023,NA,NA,NA
23580,2023,NA,NA,NA
23586,2023,NA,NA,NA
23660,2023,NA,NA,NA
23670,2023,NA,NA,NA
23672,2023,NA,NA,NA
23675,2023,NA,NA,NA
23678,2023,NA,NA,NA
23682,2023,NA,NA,NA
23686,2023,NA,NA,NA
23807,2023,NA,NA,NA
23815,2023,NA,NA,NA
23855,2023,NA,NA,NA
25148,2023,NA,NA,NA
25151,2023,NA,NA,NA
25154,2023,NA,NA,NA
25168,2023,NA,NA,NA
25175,2023,NA,NA,NA
25178,2023,NA,NA,NA
25181,2023,NA,NA,NA
25183,2023,NA,NA,NA
25200,2023,NA,NA,NA
25214,2023,NA,NA,NA
25224,2023,NA,NA,NA
25245,2023,NA,NA,NA
25258,2023,NA,NA,NA
25260,2023,NA,NA,NA
25269,2023,NA,NA,NA
25279,2023,NA,NA,NA
25281,2023,NA,NA,NA
25286,2023,NA,NA,NA
25288,2023,NA,NA,NA
25290,2023,NA,NA,NA
25293,2023,NA,NA,NA
25295,2023,NA,NA,NA
25297,2023,NA,NA,NA
25299,2023,NA,NA,NA
25307,2023,NA,NA,NA
25312,2023,NA,NA,NA
25317,2023,NA,NA,NA
25320,2023,NA,NA,NA
25322,2023,NA,NA,NA
25324,2023,NA,NA,NA
25326,2023,NA,NA,NA
25328,2023,NA,NA,NA
25335,2023,NA,NA,NA
25339,2023,NA,NA,NA
25368,2023,NA,NA,NA
25372,2023,NA,NA,NA
25377,2023,NA,NA,NA
25386,2023,NA,NA,NA
25394,2023,NA,NA,NA
25398,2023,NA,NA,NA
25402,2023,NA,NA,NA
25407,2023,NA,NA,NA
25426,2023,NA,NA,NA
25430,2023,NA,NA,NA
25436,2023,NA,NA,NA
25438,2023,NA,NA,NA
25473,2023,NA,NA,NA
25483,2023,NA,NA,NA
25486,2023,NA,NA,NA
25488,2023,NA,NA,NA
25489,2023,NA,NA,NA
25491,2023,NA,NA,NA
25506,2023,NA,NA,NA
25513,2023,NA,NA,NA
25518,2023,NA,NA,NA
25524,2023,NA,NA,NA
25530,2023,NA,NA,NA
25535,2023,NA,NA,NA
25572,2023,NA,NA,NA
25580,2023,NA,NA,NA
25592,2023,NA,NA,NA
25594,2023,NA,NA,NA
25596,2023,NA,NA,NA
25599,2023,NA,NA,NA
25612,2023,NA,NA,NA
25645,2023,NA,NA,NA
25649,2023,NA,NA,NA
25653,2023,NA,NA,NA
25658,2023,NA,NA,NA
25662,2023,NA,NA,NA
25718,2023,NA,NA,NA
25736,2023,NA,NA,NA
25740,2023,NA,NA,NA
25743,2023,NA,NA,NA
25745,2023,NA,NA,NA
25754,2023,NA,NA,NA
25758,2023,NA,NA,NA
25769,2023,NA,NA,NA
25772,2023,NA,NA,NA
25777,2023,NA,NA,NA
25779,2023,NA,NA,NA
25781,2023,NA,NA,NA
25785,2023,NA,NA,NA
25793,2023,NA,NA,NA
25797,2023,NA,NA,NA
25799,2023,NA,NA,NA
25805,2023,NA,NA,NA
25807,2023,NA,NA,NA
25815,2023,NA,NA,NA
25817,2023,NA,NA,NA
25823,2023,NA,NA,NA
25839,2023,NA,NA,NA
25841,2023,NA,NA,NA
25843,2023,NA,NA,NA
25845,2023,NA,NA,NA
25851,2023,NA,NA,NA
25862,2023,NA,NA,NA
25867,2023,NA,NA,NA
25871,2023,NA,NA,NA
25873,2023,NA,NA,NA
25875,2023,NA,NA,NA
25878,2023,NA,NA,NA
25885,2023,NA,NA,NA
25898,2023,NA,NA,NA
25899,2023,NA,NA,NA
20000,2023,NA,NA,NA
20001,2023,NA,NA,NA
20011,2023,NA,NA,NA
20013,2023,NA,NA,NA
20032,2023,NA,NA,NA
20045,2023,NA,NA,NA
20060,2023,NA,NA,NA
20175,2023,NA,NA,NA
20178,2023,NA,NA,NA
20228,2023,NA,NA,NA
20238,2023,NA,NA,NA
20250,2023,NA,NA,NA
20295,2023,NA,NA,NA
20310,2023,NA,NA,NA
20383,2023,NA,NA,NA
20400,2023,NA,NA,NA
20443,2023,NA,NA,NA
20517,2023,NA,NA,NA
20550,2023,NA,NA,NA
20570,2023,NA,NA,NA
20614,2023,NA,NA,NA
20621,2023,NA,NA,NA
20710,2023,NA,NA,NA
20750,2023,NA,NA,NA
20770,2023,NA,NA,NA
20787,2023,NA,NA,NA
18000,2023,NA,NA,NA
18001,2023,NA,NA,NA
18029,2023,NA,NA,NA
18094,2023,NA,NA,NA
18150,2023,NA,NA,NA
18205,2023,NA,NA,NA
18247,2023,NA,NA,NA
18256,2023,NA,NA,NA
18410,2023,NA,NA,NA
18460,2023,NA,NA,NA
18479,2023,NA,NA,NA
18592,2023,NA,NA,NA
18610,2023,NA,NA,NA
18753,2023,NA,NA,NA
18756,2023,NA,NA,NA
18785,2023,NA,NA,NA
18860,2023,NA,NA,NA
19000,2023,NA,NA,NA
19001,2023,NA,NA,NA
19022,2023,NA,NA,NA
19050,2023,NA,NA,NA
19075,2023,NA,NA,NA
19100,2023,NA,NA,NA
19110,2023,NA,NA,NA
19130,2023,NA,NA,NA
19137,2023,NA,NA,NA
19142,2023,NA,NA,NA
19212,2023,NA,NA,NA
19256,2023,NA,NA,NA
19290,2023,NA,NA,NA
19300,2023,NA,NA,NA
19318,2023,NA,NA,NA
19355,2023,NA,NA,NA
19364,2023,NA,NA,NA
19392,2023,NA,NA,NA
19397,2023,NA,NA,NA
19418,2023,NA,NA,NA
19450,2023,NA,NA,NA
19455,2023,NA,NA,NA
19473,2023,NA,NA,NA
19513,2023,NA,NA,NA
19517,2023,NA,NA,NA
19532,2023,NA,NA,NA
19533,2023,NA,NA,NA
19548,2023,NA,NA,NA
19573,2023,NA,NA,NA
19585,2023,NA,NA,NA
19622,2023,NA,NA,NA
19693,2023,NA,NA,NA
19698,2023,NA,NA,NA
19701,2023,NA,NA,NA
19743,2023,NA,NA,NA
19760,2023,NA,NA,NA
19780,2023,NA,NA,NA
19785,2023,NA,NA,NA
19807,2023,NA,NA,NA
19809,2023,NA,NA,NA
19821,2023,NA,NA,NA
19824,2023,NA,NA,NA
19845,2023,NA,NA,NA
15000,2023,NA,NA,NA
15001,2023,NA,NA,NA
15022,2023,NA,NA,NA
15047,2023,NA,NA,NA
15051,2023,NA,NA,NA
15087,2023,NA,NA,NA
15090,2023,NA,NA,NA
15092,2023,NA,NA,NA
15097,2023,NA,NA,NA
15104,2023,NA,NA,NA
15106,2023,NA,NA,NA
15109,2023,NA,NA,NA
15114,2023,NA,NA,NA
15131,2023,NA,NA,NA
15135,2023,NA,NA,NA
15162,2023,NA,NA,NA
15172,2023,NA,NA,NA
15176,2023,NA,NA,NA
15180,2023,NA,NA,NA
15183,2023,NA,NA,NA
15185,2023,NA,NA,NA
15187,2023,NA,NA,NA
15189,2023,NA,NA,NA
15204,2023,NA,NA,NA
15212,2023,NA,NA,NA
15215,2023,NA,NA,NA
15218,2023,NA,NA,NA
15223,2023,NA,NA,NA
15224,2023,NA,NA,NA
15226,2023,NA,NA,NA
15232,2023,NA,NA,NA
15236,2023,NA,NA,NA
15238,2023,NA,NA,NA
15244,2023,NA,NA,NA
15248,2023,NA,NA,NA
15272,2023,NA,NA,NA
15276,2023,NA,NA,NA
15293,2023,NA,NA,NA
15296,2023,NA,NA,NA
15299,2023,NA,NA,NA
15317,2023,NA,NA,NA
15322,2023,NA,NA,NA
15325,2023,NA,NA,NA
15332,2023,NA,NA,NA
15362,2023,NA,NA,NA
15367,2023,NA,NA,NA
15368,2023,NA,NA,NA
15377,2023,NA,NA,NA
15380,2023,NA,NA,NA
15401,2023,NA,NA,NA
15403,2023,NA,NA,NA
15407,2023,NA,NA,NA
15425,2023,NA,NA,NA
15442,2023,NA,NA,NA
15455,2023,NA,NA,NA
15464,2023,NA,NA,NA
15466,2023,NA,NA,NA
15469,2023,NA,NA,NA
15476,2023,NA,NA,NA
15480,2023,NA,NA,NA
15491,2023,NA,NA,NA
15494,2023,NA,NA,NA
15500,2023,NA,NA,NA
15507,2023,NA,NA,NA
15511,2023,NA,NA,NA
15514,2023,NA,NA,NA
15516,2023,NA,NA,NA
15518,2023,NA,NA,NA
15522,2023,NA,NA,NA
15531,2023,NA,NA,NA
15533,2023,NA,NA,NA
15537,2023,NA,NA,NA
15542,2023,NA,NA,NA
15550,2023,NA,NA,NA
15572,2023,NA,NA,NA
15580,2023,NA,NA,NA
15599,2023,NA,NA,NA
15600,2023,NA,NA,NA
15621,2023,NA,NA,NA
15632,2023,NA,NA,NA
15638,2023,NA,NA,NA
15646,2023,NA,NA,NA
15660,2023,NA,NA,NA
15664,2023,NA,NA,NA
15667,2023,NA,NA,NA
15673,2023,NA,NA,NA
15676,2023,NA,NA,NA
15681,2023,NA,NA,NA
15686,2023,NA,NA,NA
15690,2023,NA,NA,NA
15693,2023,NA,NA,NA
15696,2023,NA,NA,NA
15720,2023,NA,NA,NA
15723,2023,NA,NA,NA
15740,2023,NA,NA,NA
15753,2023,NA,NA,NA
15755,2023,NA,NA,NA
15757,2023,NA,NA,NA
15759,2023,NA,NA,NA
15761,2023,NA,NA,NA
15762,2023,NA,NA,NA
15763,2023,NA,NA,NA
15764,2023,NA,NA,NA
15774,2023,NA,NA,NA
15776,2023,NA,NA,NA
15778,2023,NA,NA,NA
15790,2023,NA,NA,NA
15798,2023,NA,NA,NA
15804,2023,NA,NA,NA
15806,2023,NA,NA,NA
15808,2023,NA,NA,NA
15810,2023,NA,NA,NA
15814,2023,NA,NA,NA
15816,2023,NA,NA,NA
15820,2023,NA,NA,NA
15822,2023,NA,NA,NA
15832,2023,NA,NA,NA
15835,2023,NA,NA,NA
15837,2023,NA,NA,NA
15839,2023,NA,NA,NA
15842,2023,NA,NA,NA
15861,2023,NA,NA,NA
15879,2023,NA,NA,NA
15897,2023,NA,NA,NA
13000,2023,NA,NA,NA
13001,2023,NA,NA,NA
13006,2023,NA,NA,NA
13030,2023,NA,NA,NA
13042,2023,NA,NA,NA
13052,2023,NA,NA,NA
13062,2023,NA,NA,NA
13074,2023,NA,NA,NA
13140,2023,NA,NA,NA
13160,2023,NA,NA,NA
13188,2023,NA,NA,NA
13212,2023,NA,NA,NA
13222,2023,NA,NA,NA
13244,2023,NA,NA,NA
13248,2023,NA,NA,NA
13268,2023,NA,NA,NA
13300,2023,NA,NA,NA
13430,2023,NA,NA,NA
13433,2023,NA,NA,NA
13440,2023,NA,NA,NA
13442,2023,NA,NA,NA
13458,2023,NA,NA,NA
13468,2023,NA,NA,NA
13473,2023,NA,NA,NA
13490,2023,NA,NA,NA
13549,2023,NA,NA,NA
13580,2023,NA,NA,NA
13600,2023,NA,NA,NA
13620,2023,NA,NA,NA
13647,2023,NA,NA,NA
13650,2023,NA,NA,NA
13654,2023,NA,NA,NA
13655,2023,NA,NA,NA
13657,2023,NA,NA,NA
13667,2023,NA,NA,NA
13670,2023,NA,NA,NA
13673,2023,NA,NA,NA
13683,2023,NA,NA,NA
13688,2023,NA,NA,NA
13744,2023,NA,NA,NA
13760,2023,NA,NA,NA
13780,2023,NA,NA,NA
13810,2023,NA,NA,NA
13836,2023,NA,NA,NA
13838,2023,NA,NA,NA
13873,2023,NA,NA,NA
13894,2023,NA,NA,NA
17000,2023,NA,NA,NA
17001,2023,NA,NA,NA
17013,2023,NA,NA,NA
17042,2023,NA,NA,NA
17050,2023,NA,NA,NA
17088,2023,NA,NA,NA
17174,2023,NA,NA,NA
17272,2023,NA,NA,NA
17380,2023,NA,NA,NA
17388,2023,NA,NA,NA
17433,2023,NA,NA,NA
17442,2023,NA,NA,NA
17444,2023,NA,NA,NA
17446,2023,NA,NA,NA
17486,2023,NA,NA,NA
17495,2023,NA,NA,NA
17513,2023,NA,NA,NA
17524,2023,NA,NA,NA
17541,2023,NA,NA,NA
17614,2023,NA,NA,NA
17616,2023,NA,NA,NA
17653,2023,NA,NA,NA
17662,2023,NA,NA,NA
17665,2023,NA,NA,NA
17777,2023,NA,NA,NA
17867,2023,NA,NA,NA
17873,2023,NA,NA,NA
17877,2023,NA,NA,NA
1001,2023,NA,NA,NA
5000,2023,NA,NA,NA
5001,2023,NA,NA,NA
5002,2023,NA,NA,NA
5004,2023,NA,NA,NA
5021,2023,NA,NA,NA
5030,2023,NA,NA,NA
5031,2023,NA,NA,NA
5034,2023,NA,NA,NA
5036,2023,NA,NA,NA
5038,2023,NA,NA,NA
5040,2023,NA,NA,NA
5042,2023,NA,NA,NA
5044,2023,NA,NA,NA
5045,2023,NA,NA,NA
5051,2023,NA,NA,NA
5055,2023,NA,NA,NA
5059,2023,NA,NA,NA
5079,2023,NA,NA,NA
5086,2023,NA,NA,NA
5088,2023,NA,NA,NA
5091,2023,NA,NA,NA
5093,2023,NA,NA,NA
5101,2023,NA,NA,NA
5107,2023,NA,NA,NA
5113,2023,NA,NA,NA
5120,2023,NA,NA,NA
5125,2023,NA,NA,NA
5129,2023,NA,NA,NA
5134,2023,NA,NA,NA
5138,2023,NA,NA,NA
5142,2023,NA,NA,NA
5145,2023,NA,NA,NA
5147,2023,NA,NA,NA
5148,2023,NA,NA,NA
5150,2023,NA,NA,NA
5154,2023,NA,NA,NA
5172,2023,NA,NA,NA
5190,2023,NA,NA,NA
5197,2023,NA,NA,NA
5206,2023,NA,NA,NA
5209,2023,NA,NA,NA
5212,2023,NA,NA,NA
5234,2023,NA,NA,NA
5237,2023,NA,NA,NA
5240,2023,NA,NA,NA
5250,2023,NA,NA,NA
5264,2023,NA,NA,NA
5266,2023,NA,NA,NA
5282,2023,NA,NA,NA
5284,2023,NA,NA,NA
5306,2023,NA,NA,NA
5308,2023,NA,NA,NA
5310,2023,NA,NA,NA
5313,2023,NA,NA,NA
5315,2023,NA,NA,NA
5318,2023,NA,NA,NA
5321,2023,NA,NA,NA
5347,2023,NA,NA,NA
5353,2023,NA,NA,NA
5360,2023,NA,NA,NA
5361,2023,NA,NA,NA
5364,2023,NA,NA,NA
5368,2023,NA,NA,NA
5376,2023,NA,NA,NA
5380,2023,NA,NA,NA
5390,2023,NA,NA,NA
5400,2023,NA,NA,NA
5411,2023,NA,NA,NA
5425,2023,NA,NA,NA
5440,2023,NA,NA,NA
5467,2023,NA,NA,NA
5475,2023,NA,NA,NA
5480,2023,NA,NA,NA
5483,2023,NA,NA,NA
5490,2023,NA,NA,NA
5495,2023,NA,NA,NA
5501,2023,NA,NA,NA
5541,2023,NA,NA,NA
5543,2023,NA,NA,NA
5576,2023,NA,NA,NA
5579,2023,NA,NA,NA
5585,2023,NA,NA,NA
5591,2023,NA,NA,NA
5604,2023,NA,NA,NA
5607,2023,NA,NA,NA
5615,2023,NA,NA,NA
5628,2023,NA,NA,NA
5631,2023,NA,NA,NA
5642,2023,NA,NA,NA
5647,2023,NA,NA,NA
5649,2023,NA,NA,NA
5652,2023,NA,NA,NA
5656,2023,NA,NA,NA
5658,2023,NA,NA,NA
5659,2023,NA,NA,NA
5660,2023,NA,NA,NA
5664,2023,NA,NA,NA
5665,2023,NA,NA,NA
5667,2023,NA,NA,NA
5670,2023,NA,NA,NA
5674,2023,NA,NA,NA
5679,2023,NA,NA,NA
5686,2023,NA,NA,NA
5690,2023,NA,NA,NA
5697,2023,NA,NA,NA
5736,2023,NA,NA,NA
5756,2023,NA,NA,NA
5761,2023,NA,NA,NA
5789,2023,NA,NA,NA
5790,2023,NA,NA,NA
5792,2023,NA,NA,NA
5809,2023,NA,NA,NA
5819,2023,NA,NA,NA
5837,2023,NA,NA,NA
5842,2023,NA,NA,NA
5847,2023,NA,NA,NA
5854,2023,NA,NA,NA
5856,2023,NA,NA,NA
5858,2023,NA,NA,NA
5861,2023,NA,NA,NA
5873,2023,NA,NA,NA
5885,2023,NA,NA,NA
5887,2023,NA,NA,NA
5890,2023,NA,NA,NA
5893,2023,NA,NA,NA
5895,2023,NA,NA,NA
11001,2023,NA,NA,NA
8000,2023,NA,NA,NA
8001,2023,NA,NA,NA
8078,2023,NA,NA,NA
8137,2023,NA,NA,NA
8141,2023,NA,NA,NA
8296,2023,NA,NA,NA
8372,2023,NA,NA,NA
8421,2023,NA,NA,NA
8433,2023,NA,NA,NA
8436,2023,NA,NA,NA
8520,2023,NA,NA,NA
8549,2023,NA,NA,NA
8558,2023,NA,NA,NA
8560,2023,NA,NA,NA
8573,2023,NA,NA,NA
8606,2023,NA,NA,NA
8634,2023,NA,NA,NA
8638,2023,NA,NA,NA
8675,2023,NA,NA,NA
8685,2023,NA,NA,NA
8758,2023,NA,NA,NA
8770,2023,NA,NA,NA
8832,2023,NA,NA,NA
8849,2023,NA,NA,NA
91000,2023,NA,NA,NA
91001,2023,NA,NA,NA
91540,2023,NA,NA,NA
88000,2023,NA,NA,NA
88564,2023,NA,NA,NA
97000,2023,NA,NA,NA
97001,2023,NA,NA,NA
97161,2023,NA,NA,NA
97666,2023,NA,NA,NA
95000,2023,NA,NA,NA
95001,2023,NA,NA,NA
95015,2023,NA,NA,NA
95025,2023,NA,NA,NA
95200,2023,NA,NA,NA
94000,2023,NA,NA,NA
94001,2023,NA,NA,NA
94343,2023,NA,NA,NA
99000,2023,NA,NA,NA
99001,2023,NA,NA,NA
99524,2023,NA,NA,NA
99624,2023,NA,NA,NA
99773,2023,NA,NA,NA
11001,2021,NA,NA,NA
